image_id,class_6
1daf45401342ac321c0aa5668f51d004.jpg,5
7e15c14f0b25766d0b7378f1d5328e99.jpg,4
1dc97053cf67cb8e51c983abb0021083.jpg,4
0ceaf686d3b9c1db537fed12b568670d.jpg,1
73adbf71f0adcf89c94339f6a6a92b61.jpg,0
44e1f36fcda7633399ba6181977efc37.jpg,1
0b3066a18cafb2598146428c305980cc.jpg,5
6bc83759703dfd00dab54965aeabbcd2.jpg,5
336c1553e7c64db5d11bf57c7ecc284c.jpg,2
4b93aeec59321bc1136d92d2430444b3.jpg,2
70fce73871977515dfe320fb29bb47ac.jpg,0
1049d3b28539839f45dc938a1ea2fcea.jpg,1
cd45ee614da4cbc849f856b470f6ab22.jpg,4
7cc52bbcdf19aaca893bb04772e9c4ca.jpg,1
c25a1c64d886741ff6342182924268d3.jpg,3
985e17c2cd637b62cd1c889790317769.jpg,4
508fb90cd7300fdbe680f130784d077e.jpg,0
e63c8248b114aea1867aef707ed447d2.jpg,1
5539544b9b86c1f1dedf20c7fc60d08a.jpg,2
e8902bbbf53c8d148d5d77a91ce1db30.jpg,1
c77470e9cffb062372a8f6cc564c78f5.jpg,4
16bdd744fad61bd945ba3e67e930c482.jpg,5
411dfc752343b9a1118b8bf481d8f28c.jpg,0
4929c9b833c8a5a78c2e3bfc825f527b.jpg,5
00c8dbeddc43197f34ac62f103e1fb7e.jpg,0
4bc110060fe631b665e26589b7ef5879.jpg,0
884f6dd84730ddca79f63fb048bf86c4.jpg,0
6ac9179ce3477ddad7b76f73d94a97fc.jpg,1
96c7f43047b231998c4c052449eb8b7f.jpg,4
a5c6745a1b9416495d9b54c4eccbf908.jpg,0
5392d6c2e02ed333d7ed260720ae680e.jpg,5
35e6aa0542d4f35b822d347213671e4b.jpg,2
dca0a396dc961f15fc749712dcd00949.jpg,1
9c465c153298f2e49678629984984587.jpg,5
7a68b00a69db9a2f9846815727a6b200.jpg,2
ea53be896bcfc4f518cb655e2964874a.jpg,4
b58eea53de20ef2923ed99ff1558ba80.jpg,0
c3abad3a58437b379c188d70f5d6c312.jpg,4
9ab93fcbc0fe2a514a8dae9c5e43322b.jpg,1
76c1a879e77fbeb0f6b14781863d137a.jpg,4
abd3a85bd0be65f092de76ead224494f.jpg,4
69b68710b32ee8aa81a147a3e9b59c8f.jpg,3
7d181b5a75521502156ac565a4c82cec.jpg,0
035a76fc3af156570fbfa2d4ccfecc34.jpg,0
3613a0e0616727c70ae007e79eeaef77.jpg,2
1609c73639937eef66b7bd9290e1c0eb.jpg,1
df6a0e6cd02c60eba8f8fe110dc2c7f0.jpg,0
49f1d15c7afb82256696f5a39faf413a.jpg,4
59cb8a0dae90305f4404a7b6380358c3.jpg,1
710786412b117d852a875b46d8ce1199.jpg,0
bc306b745552ab805bc49800b1007667.jpg,2
062062e61f324f9fe714fdf426edaa66.jpg,4
54372fa0304c887768706ead08080f91.jpg,1
2821803441b810f6562538834d8e7ca1.jpg,0
b6d47c1ecc6827f6a4bedb3c4aa84050.jpg,4
8bfdf1780bf4e3539717ed2862aaf92c.jpg,5
eb1ca1e0540da9e3c58735a2ca58c885.jpg,3
bf85acd7b444734c674f0ebef2f7131f.jpg,5
56b01e29a720dbe8ad68bffe5ad2ac1b.jpg,4
670b2fde8411fbebe4f9f57670e0beb6.jpg,2
c6359a1c694139a81688ad13b5867667.jpg,4
b365a3c1cc4b649482dce8f1b7038686.jpg,1
efb4a3aeb2089a6cccbc9f8bf1987a1f.jpg,0
c3e43b4c484ee2a74aebc954a6f2b605.jpg,2
bb4f70ab8aedb6e3483adc483d005e41.jpg,3
99f058035ab865f717691b3f7d508481.jpg,1
b8385b6c5405ac7bd81b04f7dadbc34f.jpg,4
e865195849ab11cc41922941d1615223.jpg,4
d9a78407e765bc799901c19319a17c69.jpg,4
b848bfe98cbf44705e12a342f826280c.jpg,1
41b73cc70e5731df734a6a4ad3462afe.jpg,5
b7519886f13b982e925097d033d6b9a7.jpg,4
3791181d4a9f73e1c2546a7e3ed76b1c.jpg,4
dc7e542b60e46ce01e3268f37a0297c9.jpg,1
e349a8c1f09c90b55f957c80aa169c71.jpg,4
a66184448b18ac969a93dc45ef09b47b.jpg,3
bbeb2dcda86d1af10578155faeb6af04.jpg,1
b5976a3fcda38d0f2761e2e20dbbfabf.jpg,4
e51348ef0d92f9c511340151f8d16204.jpg,3
c001612e336760d70e1b8f7b98113581.jpg,0
5beb9fca8b946dddf40d4911172ba07a.jpg,2
3c5673fe5c4a407b395213f2d4d9aafe.jpg,4
fb2aa5e54aafe36cd5780831d17e39e0.jpg,4
1e92e19563b32f2e5f68e738578bcbdf.jpg,2
450a5a27eca3722e602e5712455fc0ce.jpg,0
c32b755aaf5a1772c974dbe2ad977b60.jpg,5
a2f0b66195e9b843ded85547a81efe97.jpg,5
3a04e64a5cbbb00f0ed1dd59dff3d02f.jpg,5
598be3d26341346d128f4444ae53e73a.jpg,3
2cf035c918da94e512174539f88744c9.jpg,4
f605a3143950b92cc39589fba73b4c4b.jpg,3
9d6bc87c7ae4e6e0457e257074fa30e4.jpg,2
d113874d26a6ea8133c31ece45df9a0a.jpg,4
e19d67cd6659ace8938fd8a11a2570c3.jpg,1
69f4e9a72395498a0a396926d50c4ae5.jpg,0
a03207600b23a18a230988c412df5b81.jpg,4
52ffe49263c72f70134a6b31b08edcd9.jpg,4
5fdd65293df46dc8f3184b2cd97348a0.jpg,4
b3fa05df38485951ea2b41c44ce2a30c.jpg,0
ce1bf40e5c19ac6973ddaa3a21c30911.jpg,4
6e65ef3a1e0961b402e7cbb85d141dc4.jpg,1
890c68071f4fb73d808f4e91bbb05a67.jpg,4
9f7c91fccc758892240039893652ea8c.jpg,4
2c5cced78dda59167f708da77d2bfc47.jpg,0
a395fbb19094a49c35a536406b863aab.jpg,0
2991bfe54bcb6c5ad738e423e36c1633.jpg,3
1c6f52191d2ca2039e2801e652b54f13.jpg,3
89de2965040edfda381533e4725d1bec.jpg,1
db3ded0162d348bce9d15ffffa748946.jpg,5
de53c608e4fa04cc217809aca569edcf.jpg,1
eaa46cec08feb96af62374cb2d314367.jpg,4
c7ab323a21d086d3ec0b12de46cf447f.jpg,0
9d1381b8e08a76a5835a291ff79721fa.jpg,2
afdface117217ef1aa7c7842a680e4df.jpg,0
c2e016844d2a90235f2ecbeeb8ae0c34.jpg,5
c5081e2527670f350d0fd6c57f8b3ced.jpg,0
f51e9e0a229162a0e4730b421b78b610.jpg,4
1e27ea1caad132981af3abc447124b80.jpg,4
25323e6601598890deaf0f65ead7518e.jpg,4
f8b7832c1df8222c4dd999e9c61ac970.jpg,5
4e77c6aeed87a4f5298859d92b0ad644.jpg,1
ec0beaa535cc660680f6b4c660f43703.jpg,0
262f82688348e3211093b88dff88209a.jpg,4
3917d8f07859e4b3e6062c8b6968969a.jpg,2
a955767ba30e30555324fd8bf6dd88ea.jpg,5
888164ea5c07de60d00ebee1a6959c5f.jpg,1
a7a37024f71ff994a0698406e2b82dcf.jpg,5
7cbbb6b8d2ca631e14b29a2bb117e209.jpg,5
7b10619d867eecd10149e95cce08e5fa.jpg,5
5cc079c4cdb5b2b9501f01bbc0424dc4.jpg,1
74b758a727fe882a3cef7e960eded6ed.jpg,4
ca8932f3a5ac0ef78ea62b8d83e75885.jpg,4
3bd8f2925062784a83464d6217dca6f8.jpg,5
2ff0e6fb1c7f15ed5b4b0e23ccf37d2f.jpg,3
3511fd68b65ffe1ec017c143f9ce4eff.jpg,1
932bc65983cb12bfc7618894b3478209.jpg,2
b28b07ddca7aec463cb8dec49a2b93c3.jpg,2
34a9e5ee1a29ee8c8684826cffc64d79.jpg,4
8782eb608be7cc906de8b1c012a719ce.jpg,2
0424c6d71245c0fad4bada315b2b546d.jpg,3
cf1567d98dd274a82bb7431193537acc.jpg,0
8687feb38b087e8bbccd70890118c1d1.jpg,5
45af91bbd460476a2aca9dcbe952fc3b.jpg,0
e2fd4ee22bd44caf92cd792b54256558.jpg,5
730fc0e5d010a6272e81321596f6e31d.jpg,5
dd065625295ca6aeaea09de63e0135ad.jpg,5
3473beebfca4478d30114133eac6eecd.jpg,5
fc8556ea85e2f6a7caebb874c246b17d.jpg,3
eaa8c03bca189df96016de04011a7d2b.jpg,4
b23d3babfff933d47b74e883b7a265c5.jpg,0
c283a3394d80d33e0a55282fc6cedd95.jpg,0
5148c168b1961e880dae451025ab92c4.jpg,4
cb33a51ecb2623975d64079a70abe273.jpg,3
28da66085e48af8997d017e7de60c292.jpg,2
65f231fa2d15fcf25ba161edbcfa8c53.jpg,4
404477120fd7286f5e9aafef581767a9.jpg,4
21e7e3c18e7cea25b509bd960e99dfb5.jpg,0
bab27a77a9a994a502e2b8ea47cddbf3.jpg,1
d35b25a59f81df8557f9fda840097961.jpg,5
2c082dfff91b20651b1dff97b3494bc2.jpg,1
1a807194a89f9dfdc8a1bd6503819d10.jpg,0
e3ebf40af9d4474f6dbd2e1e854f319f.jpg,2
62d59e446e952bfe1c358c6a9c09eaf6.jpg,0
65c8d2c7b839b6212e54beaac14c0c0e.jpg,3
ef1d73dacb81f741d1ff0d664daa56ce.jpg,4
e833a0cd9f4f5ffa43957307f58b3cff.jpg,4
9b6732936e9654eaa37d6d2fda09d496.jpg,4
4d2ca37554916ebf05c5aeb90aeeebd9.jpg,5
b81d00520ac8b08f0a81638f9a286762.jpg,4
8276ac475833119600fd99e4f1b7621d.jpg,3
fc7938a1c7f0ef1a760e217a248555b0.jpg,1
6b8dc5cfa22c403dcfe9bf6b9aab9dab.jpg,2
8eaa0732b055a5b729073faa5c3ba063.jpg,0
b640b131b0af2a163679ac883f0d7780.jpg,2
77bf6e4d81057add9edbd2d04c5ceca6.jpg,4
a37e64da09ea82e72ff53015a97fce6a.jpg,0
2bdb05e0dd6372e2825b4e2c26f06e10.jpg,4
321436e0eeb16102bc91d9a0acd07858.jpg,4
9bf5dcd67ca777e865ceed7b1716c0b4.jpg,4
0787c45ae9af539c800674889966ab15.jpg,4
542ea2cd397fc22d4a5d9e9e077820b4.jpg,0
d6253f99edc22648268180e447db98a3.jpg,2
14b629b38861cd9264bf3e7f3cb33fa5.jpg,2
9f8efac9f0af545da3ab582698c57f4d.jpg,0
bf66db263a27c6fa75e01cfaebe64c9a.jpg,0
5602d9f532b8b6fbd02b863ac98ffd29.jpg,4
61116f4f09f952ead9a5a699e1985a5a.jpg,0
95e51aadc935bd60fe999a26a6ef6c2b.jpg,3
506f0b1587eb8fb03a9fdd8a0a7a5afe.jpg,2
1bcb713fb436f2952ed9deab3714bdd9.jpg,1
96c88530244b9b88ad0ab9368f649026.jpg,1
afa5335cb51eb5c8157a2829b6c80a53.jpg,1
95cb9241ec29cc788c61953baaebc91c.jpg,1
750922b627c33a189a24c02cad403107.jpg,1
287940222fe13ebeffd499ee628efe66.jpg,4
eeccd8b2fdbeec2491e8437b29f23399.jpg,0
418f5b69bf4513d09a0b4e3eee696144.jpg,4
ac258e5361fb79c7de8a84a055e039bb.jpg,3
1fcd2447f713eb334bbf26f62a8e8597.jpg,2
3f0ddb461be8fde7bcff5cd5706ba5ba.jpg,1
c69a0fcd678c03174d298b932aa3dbfa.jpg,1
97e1090153483cc18700e2d2a1bbe1d1.jpg,1
191ca8fa1a4cb0ce028df86823e72ed7.jpg,1
4e399e2f2c6b423492fa6eed59ffafc0.jpg,1
4aed8ef000fc319654e437d3926e387b.jpg,4
6a15d5ddc8270cac6e1a1da89683c417.jpg,4
54f3a7b6310bf6574ac0f57d40d99a5d.jpg,5
445135838f9b00fd7454711bf46e9522.jpg,1
613edf2ecef6547881ec7678994b4999.jpg,5
61ad8843e3929c8c7d37ac14ff21afeb.jpg,0
ed9d75bc2b062c276acc8a8c46897ae9.jpg,5
8f035003788b22660ec190a631ccd0f3.jpg,1
b4985067df3d720c513fd1204b65d4a5.jpg,1
e7b7efe8e0d3c7434fdfafbbe519a9d6.jpg,2
7e6698e1eedf00c494c019baf34b487f.jpg,4
8d5f2c6dd790b06fde73ed9e923ec7ac.jpg,2
ea2ff4a2ce427ed3f8d9446e6d1ad637.jpg,4
aed7927fcdf5f8104f819a08c5786b73.jpg,0
5632aa9667782209220a3a61d9e9392c.jpg,0
7cb5181c79ae4101591ca5e3e5152e18.jpg,4
fc0465810115272ff7339b380337cf88.jpg,1
1383c708c157ed283dde76532a8b281d.jpg,4
50cae6e50b03f344e77d71d0b4951b80.jpg,0
78992ccc5d8f04c499e6f89a94d8e735.jpg,0
f9bd99e3f3b2fe822f8f13146f4335b1.jpg,4
61aab731756e0b7ba7984f99e04af0b0.jpg,4
043c8388f2cd43a1d76f855942ef00c5.jpg,4
4187e72cbd043684d50e1dc5a4868a99.jpg,1
82e697a4a04055ccde79e9ab6a410d2e.jpg,4
7cfcb31e79f06c93edf74dd654e1143e.jpg,5
f0b129a28d364bdc3a7b4f87c4776483.jpg,2
7817cc9b73e01950a06ea29829a36ed4.jpg,0
3e782083a5109cdecb07b67c3e737e9e.jpg,0
fe7c29379e8b277738669b47f8f6df72.jpg,0
f030cb02e15b0e9ecf97352279b598d1.jpg,0
c2312d9c657d22db24ecc9d01a723744.jpg,4
30e63dbafc7a9a941c4edcf48e8b53cd.jpg,5
8410aaced5b32b3fe9a6516afe3f894d.jpg,1
1b371ccd664d0e9c1ec4e9dee7137d33.jpg,0
512028a49dedf1c1b4d75dffd9c6aaa9.jpg,5
0b9c0a37069e1e28b059913674f1dc4a.jpg,3
a3b3a4a7676f8b7b36bcbdf47399f6b4.jpg,2
019326f91b28afbf42c6f71ad74f1899.jpg,3
4eeb2b6b43e0e1dea42ce995faef61a4.jpg,1
22aad9ed349ce02a6fb18d4ed267b539.jpg,4
daece48eb35c3ffaf0888012bf0470be.jpg,3
f663e8efd7fefb9099b13999e0389bb2.jpg,1
e893d1a4096e94c23d2031a933bebee6.jpg,4
42891a4573d339a2a2ef97c8e7f4e843.jpg,4
4b93a034392268c845002d30fcc8d592.jpg,1
8cc222429b4d92f2596880dd8c640941.jpg,0
252ffd25afd71b99150c22b510f18d72.jpg,0
12c0d096bc31d71d50299871bddf3841.jpg,3
6abad6032d2898d8734dda1707f7b530.jpg,3
ebe425d6293b6ee9a3da8ffbfbf4d812.jpg,0
0ab78f1ab6bef027c5468039f25648d1.jpg,2
ec7efd2ae3275260f2083aa1797bba9c.jpg,4
a702373a76529c7ec7d45c806f738632.jpg,1
1b0af02af7fb52a9410801d12e92cfbc.jpg,0
ad3049572811972dcdc48c5a7832c1fd.jpg,4
417496dae4bacd6740a59c6e4630fd85.jpg,5
6f28aa6430d5e1c6c610bdb57cf9d0de.jpg,0
8cec5dcc684cadea9f21fcaeeaed5d15.jpg,1
8a98252aa4efba34b5c8326d794e677d.jpg,1
ec4a70e4d97d2dbd97ff70d8bbf6c917.jpg,1
ab8020fc4bf084833a2fa4ab102c6369.jpg,1
635c3b4d57d66a228248d5574bd2f8b1.jpg,1
daf11810a04e45bb9b1b06bc76528b3b.jpg,2
d1b9dfcc328a1c6aad8146920b02816f.jpg,4
e19679fd3d1660abf5ed67ce42352d0e.jpg,1
307ff11228ba48f547e2c064a3dc5ae3.jpg,2
1f534af027558a24349fb41fdae962bf.jpg,0
d17df4ea9f88fea6c5e34c8b24d9758e.jpg,0
a9edbd9f36213e1bea6cabb3e9d09fb2.jpg,0
89a3adb67e4ff64facfa16b5a8f27ada.jpg,4
5e2af125828f02132df25cb0eac51b79.jpg,2
7bf955d8f414644c84939a09d5be9c77.jpg,3
af8b45fb9c4a18a705ffcf52faad794c.jpg,1
88fd4fed805a45e86b3cc8a18a8b0d75.jpg,0
e15fcf2a5b2ecb79da9178793719b540.jpg,0
d2bd578db8f8c9ba45a695b14965056f.jpg,4
681e6d75c8e729450827a940805c504f.jpg,5
6b99fd99df5ed17c02e1b6c3987ba110.jpg,1
39c673c1a36978bcafd1caaf14e2cb2a.jpg,0
ba39e591dccda574274abcdba5861aaa.jpg,4
0fedc549dd3925d5df7da2711e2126b6.jpg,2
c3a9c8381e892c81a2ddb31212d2e40d.jpg,0
b50cd92cc9c66ac0409dc19f6f0883d7.jpg,2
2f549bac6656dfd78552e5c1dd76a17b.jpg,1
ac5f9d2808e2d5e6910f576bf54794c8.jpg,1
983c63201dba5b30dc0a8065d55273c6.jpg,0
3798caff8d67cd810aa4d4bb3d9137bd.jpg,0
447892882f21882deeb4b44fb5f74301.jpg,4
cf1721bf89eaea8f6d2c20780f9f511c.jpg,2
121e163907f9f720ef4dd6a0ee4ee0bd.jpg,4
053f95575f6fe2e0a5cf496e3eb35158.jpg,4
604b432a20db1951557e3f1c3c32e50c.jpg,2
2a96ef529b7729cca20a0dce833f8deb.jpg,2
82507624ba9d355c40bd9fec8c14b327.jpg,4
2b1591aa636dc38511efda0c54216c1a.jpg,0
8ebb059acc0c091b5f4f1188c3e8e9c2.jpg,0
b2521ce9dc9b4895284fa2da5f27227c.jpg,1
9e313b77be3c6456bf5786a8e221c7a4.jpg,0
3f0966fe385a03839d7f29f4b48efc62.jpg,4
f4dc510f3e88a0f9836b195bd1273337.jpg,0
2d7730653f0a20ef61af3a493bd05f0c.jpg,5
d9970a84475295af65214ed7337b8e2b.jpg,1
9cb7a737bcff042f336d9f14b63adfce.jpg,1
589df8873363f02c088d5643e3466bcc.jpg,1
62fdb6144f9b797a661f4c9b964839fa.jpg,5
cb5e6b393d946ceef62fa8e2bfcd5f07.jpg,4
a7c960e4fd699045b5070272fc3f0e5a.jpg,0
356f252aea73231e86ed88e23bc7636c.jpg,0
82c8e62c508049c0c1e391c871558853.jpg,3
8c687129f27b7b078d2bc69bd84bdede.jpg,5
21616dee7ea27eb73fb72c4afda61abd.jpg,4
5f2f427ad8defc850f9a24ae1e2b2f2e.jpg,4
93170b907334d9cd214f98b874100d6c.jpg,5
1c39ed1ab00de5a6fc7260a6c3a64a73.jpg,0
7832a27d7cb7b2369bb08d9c9904c444.jpg,1
1ceabd67b1a4253440e82e9d6650378f.jpg,4
41de0ed9221616d689b73df533fc8618.jpg,1
84fee34f776c6341d140d80c22a9ad06.jpg,0
514756b20eee039a52eb1d23432536b7.jpg,5
abeab60fa3651fd3bdc9fede8e466ec2.jpg,0
35ce650621496090c8f7db497ceda1db.jpg,0
84f583defd3c7527dc8b3be46bd8bae7.jpg,0
07bef0a4d836f8fa474bdd0a094619e1.jpg,1
c9e76aa2a32933e6e5692b6732efb88f.jpg,2
b0f495ab03e9d0a61a34ebb70b9fe332.jpg,3
d9346f15fe0bd31e451ff4e17c6b2d2f.jpg,1
992901012d684e812ccd660c51167ae9.jpg,1
ed2c5455962e731f3f51b76f46122888.jpg,4
5914ab9ba5894b2f701cdbba14157175.jpg,2
08a0683f612f96000bfadab4ce427421.jpg,1
1d218940fc055f4ed765724cb14d46ee.jpg,4
3148ca684901c72ca805bf748c347d25.jpg,4
141944532a23306d3e3a2c7ed9b5a4f5.jpg,0
2900c837920ea231d3604acac8ff51c0.jpg,5
10219126ddc6bf16981b614ee6197905.jpg,0
2e759296f7c52b43e71f3fb27fe3da63.jpg,2
916ba1f6f33dee44342c0ff855d083fd.jpg,0
0f2651edf1f116337939329d036666fc.jpg,1
30c194abf227293a8427ce69e5c236fa.jpg,3
ea69537831082830f34ddd29cf37171d.jpg,0
af70b2da7225f9a50ea8c14664bee8c5.jpg,3
601a4c0953a1042ef4d41601402aaccb.jpg,0
d664e8914137c622c0b9709831ecd96a.jpg,2
9240ca39b6e061feb538f650d1c94e44.jpg,0
a63de716f01aa77e14bc15132013a2b8.jpg,4
451985c6e0cfff4282ca61c0670a5153.jpg,5
49e3d3c8193fa3386bf53c1c206d202a.jpg,1
7ff9f674b8bd926c5e087b04f1c8e918.jpg,0
bff0d601785c5de7e950648e0bd39674.jpg,5
cb5ce03f034e32f32ea2fb5748d0ee39.jpg,2
4be8d38aab3a3752dc911cea38b37954.jpg,2
df3d638b9984d80f10af09ac9ba399f0.jpg,0
38f52c4c35ef82026d95b0414d6d1f55.jpg,1
57d19b3b52fd39693d8e6dedf013ad14.jpg,3
28ee65b599063e3c9053d6ad5364ccca.jpg,1
59951b0659aee1ea21fd17a40c7b6f17.jpg,0
27701fad8293875feaa0faae767342f9.jpg,4
021c611c0b2355036471a31c4453bdff.jpg,1
887f4dcac445b723f9f53670e7277a5e.jpg,2
6cc8aeda1375829c31de7e4faa102be9.jpg,4
653d1b6e044c0d18ed004efb1fab56ce.jpg,1
6c45d33a1786ae31c31de6146ae1fd32.jpg,0
b050847bf8e31fae87af618ad860d676.jpg,2
47bcec61c4b6de5dd5100803b58220b4.jpg,5
5f52cb7d9489a1a384b10e77229d4792.jpg,4
194edb0c561489fd85f5b7e037015759.jpg,4
1339e77dbb833174b8583c76919848f4.jpg,5
4734d271a9552b90b1840a1ab5c9a174.jpg,4
4b90440d85228533f4cfd9ea41a72212.jpg,4
c660d23ac9d118024969d4dd39bce437.jpg,5
fd0dde9f8629a8d0a98ca7177488339f.jpg,4
cd8c4c328d08ee9d2432fb54c723ab44.jpg,5
03550383d1c5981e5cea4675598de3fe.jpg,0
5f0f4c295a6f8ecc3ed884139da7c4e0.jpg,0
b8f7b88d0070f03407245bcce91696aa.jpg,1
51ce04bcc99ccec0e6d0e36249d9f32a.jpg,3
ebbf46c43a3eed3858385060355b81dd.jpg,0
059b3f8b78eb8a7faa9d2290030828d7.jpg,4
ec1b9c2e46f5c7e18333a58641a619ce.jpg,4
ceecc5e14b8f8bf6f2f2a7d9f19f5572.jpg,4
bc0ca683697e87db36d7397be3456ad6.jpg,3
bb9067fcc5cd5a5460b5f2df42e52e45.jpg,4
1dd72e3a08faeb05a41fc41e597ef1bd.jpg,4
69d006742b6876db9327379b8432de52.jpg,1
55bb758fa48ea7ef3ed4e22894ddfe1f.jpg,0
5c599b2c69b81425ef8555323cc282ed.jpg,5
1993ef21ac6839457f27e273498c3030.jpg,3
0a25c0b8de3811fd51152b880edf3a69.jpg,2
c9204156e898379b1a00776c0d528595.jpg,0
dba3acc85ed3322425e286358189ae7d.jpg,0
644489d48d0f454380bc293dc3e83272.jpg,1
f5cee138549875c633299c4473f9eab5.jpg,2
3f321c0ea1654a6017a9d9dc950979e8.jpg,4
4a39969246b7a6055fe0ded240b0c1df.jpg,4
1e46764c326e21fb099e391e95d6b3ef.jpg,0
c6b42a92eacce9228f70baee9cb1917e.jpg,1
5c66565b32dcaf45738c656f0940b707.jpg,2
161a224efd88474b53e2ea35e3e83ab3.jpg,5
fe475f1e2b84463b58d6500f40fe6c24.jpg,0
307af6fb7b5b61dc416461e306659f74.jpg,0
d32a5b7ad0e7bfe0db89cc88f353d952.jpg,5
a0dc86045dfd63de41a856e37b100fc5.jpg,1
e09b6a4246922a29de4293445337dd7c.jpg,4
bd3a675a5a37217511ae25f2390b0bdc.jpg,4
ffc1ee46a3fd37244b24562a506e8a28.jpg,5
3c179e16fe8c1330b815d72071e389c1.jpg,1
3927bdd003621f1ccd478eb8f1c8fd25.jpg,0
0197b197a9f61595ceb00a1365ca055c.jpg,4
5de3eb74884ccbb2d3dfdf57a4527380.jpg,2
63afe64ccfa6f2beb6500e467ab216e7.jpg,3
8250befee3a1995ef288585f45ee5216.jpg,1
7297e3fd3c31191b5ad3fbf1b6b1764b.jpg,4
229b8070557bc093f66d4196be94eb7b.jpg,4
3bca1745c57ab1a01bee5da83ab1189c.jpg,1
d200c47a3d3aebfd6c7acadc5a28c282.jpg,4
ed39488fab94e48df8fabbbe674c6a9a.jpg,0
6353b1dc90dcf638869cd53d71a8b96f.jpg,1
0c571914e3f469a930dd6ba114337094.jpg,4
6cf08650db95457b15eeabb7cd8e8e1d.jpg,5
6496e062754347c0ff78226a7147f734.jpg,2
85affa9c0fc0014930be59715610386c.jpg,5
0441a6557f0d58ecf22f88c3f16cc9e6.jpg,3
302028eec50e59b977e88bb8df48b2ab.jpg,4
421bfe7ccdf1b873d60d5d2958bc08a7.jpg,4
69ef4c2fe443d5918f324cddc62ab1fb.jpg,2
effc0035f1c9a63ff314c84c530830bc.jpg,3
9a17fd6f1d144a2b7531455abed78c6b.jpg,0
fb4b917aa49b59b2a3ef3fa34fe51ad5.jpg,4
ac0cbcf8a115e66453a7be8617c5f774.jpg,2
703f3e7b291481a43d82bb50276c4f57.jpg,5
7671975d8c5c92a5fd931cbce831a755.jpg,1
ed08e12d1f1d2d7631918c38579d961b.jpg,1
adbd29e00cf028de457164783f283955.jpg,3
7f0dfe67efb7080ab63ae9aebdc22030.jpg,2
a15225eb0adac4272668662dead95a44.jpg,1
f1b57fef29edb0272bed4617e39cee73.jpg,0
9d14482ee49cf03dd518832a9556f56a.jpg,2
83bf873f7c20c9998fdfd59741590fa7.jpg,1
2643861553813ff450e518f6c0a74b06.jpg,5
8c2f65f4c8f2e320bcc718194d734526.jpg,0
043157071325c0670acfaea7e884bf69.jpg,4
3c1cd167a98cdd24ceddf539f0107cdb.jpg,4
7e8d456177032ca3cc0453cd297fee93.jpg,4
91050cf8adc8cfdbbc5c634e008fbf23.jpg,3
00399fe479fc2f34fa7d415c51fc6632.jpg,1
307b38df0f83127b5423a34ffe8920e4.jpg,0
7d323682c672b868a0e730bab839ddfa.jpg,1
80c9c22391af0747d4ebf18ed1246128.jpg,4
da217532a983a04d6dc0b0449ff81205.jpg,0
c3af3fbdadd54861d66cccf1d83bcd03.jpg,0
cf9f3bc0810ef2beb6234d24657b365f.jpg,3
e8aee303d4c9710cc136c583775c8e40.jpg,0
8e18294dd5ab3b8b1a69be12231b86f2.jpg,1
6d62f51bb328d2b8b3a99593383fcb65.jpg,2
fce4e66c8219e0aded95b86a0390de77.jpg,2
cea75dd4857e1ea1bbc0dcce39039e66.jpg,4
89bbf5f66db7753a40a18f31ff66d8f6.jpg,5
e2ccd31c54314827792b1f0ed713dc68.jpg,0
1d61440c070d15a2995026567b18f763.jpg,5
ab2227750a36273b86244d5a0f721e1c.jpg,3
fb59c3de5dffb5e7f19f063495cb8216.jpg,2
10e513b53c9b7c2e9e7479a524baeef5.jpg,4
7dd842dab03b8e7ab78917b0e31f9ea3.jpg,1
6da20ccceaa8379d36851a9707bec91f.jpg,5
7ffd5597acea46a7bc412f35ec848360.jpg,5
6d1aef692b4c038bb1835e2beaa39852.jpg,0
a94941932e74ba22be6f1ce9408df215.jpg,4
7d4b91dd605db380719bf738e7208efe.jpg,4
49a6a7d51260d7dbff46221bf6641788.jpg,1
3caf50fba1fa534a5e4f7c80335b8365.jpg,4
ced455f618947ccf62573ea6cfec9208.jpg,4
baca438d5d21c73e10862955d70f6bf8.jpg,0
6908638d82aa2e435bc303773b83a058.jpg,4
589a103444db86a88fa67dc2b8071282.jpg,2
1dec2e601c20dca8ca22670e8f57574d.jpg,4
292f30db2e66c17e859209d210797bd7.jpg,4
385e1e5c4d33dc629f8909a9206b10b2.jpg,2
ca0d32de11443e06ddd59ce35451811a.jpg,5
63bd4e31d911517fd22b507b67c1323e.jpg,2
2820680a9b623edc1d79e15db8be3e26.jpg,0
7a1442e512032fc1dd5862751e432ea1.jpg,0
46545dc7bc878b65889189b6ddcaac12.jpg,4
24490bfb54d5c84919b6637c98808e36.jpg,4
af8c97fb9b69a8fc8d4829d42b4566a6.jpg,1
ab920997e7f46f93a729802377376b80.jpg,1
f50d9be3d6986942bb34e198b82e7adb.jpg,4
06c2b60bb935878901f119cd3c012207.jpg,1
e4b4256baec92d31f3aa91335305ffde.jpg,2
155af71d22fa50bbf6bcf92604dda3fb.jpg,4
b7b0340e8f2ab47fecd567680d9f3e17.jpg,5
c5016b02190340a77e00acb054dabd2c.jpg,2
3696c50ea7b88e1897aec0f32bcf36ea.jpg,1
07ccff570c6f871d10d9a33ee52c698f.jpg,0
d15b20e2f9c7a414a967892edb626df5.jpg,3
bb2803a898a9b4a6b739be701f2eca09.jpg,2
eb73549414a148a241395f3e0b804b74.jpg,1
83cc6c643713c23181655cd547c85ff3.jpg,5
9f2c9e9ee038532c8bd95811b246f8c8.jpg,0
8c1056b5532eecbfd426f7dc57ecb5cd.jpg,0
80dada85f218f9922695dfa032c8ffb2.jpg,1
017bdf3db98fade96a96bcb926c92970.jpg,4
fb2dd7831d8fbb2eae4955876369781d.jpg,4
783bac0150742338fe253c1da4cd7c50.jpg,0
73252bfce0bbe2ebbaeaf5f4d65e53c4.jpg,1
f3831c9d13e374968f734ee116f5af3a.jpg,0
2188133cec073cab7ff5fc8fe1cb52c5.jpg,4
0c6576d3758b48b31f9b0db340c1a5e0.jpg,5
2ee3f84d9ca78fb27e116d25193b839a.jpg,4
e56bafdc624ee247c7079b725e9910b7.jpg,2
91283394e5de776834357bd858c571a5.jpg,4
78d703adb20f91cde5ee300c59d72f62.jpg,2
3cd83f029dda7f555afaa12ec2feac58.jpg,1
709c9b5d3d7ef2b2ba4a69ce0d4a1e4e.jpg,5
33560d5245d0465cce65ff35b11f6785.jpg,4
aef26ab680949680919121fcf6114ae3.jpg,4
30c375c5640073392d0b09d9f6f8bf46.jpg,5
0dc999ca082da7eb919f639c50eb2742.jpg,4
a8969327a5cf017261b80df9c3094739.jpg,0
a07d842f145a87b0cf80e5a549ec7b75.jpg,4
2777171b86614a8379cbf76c5eb7b43d.jpg,1
6059760bb5329a96af640ae3ba701dcf.jpg,0
1faeee95356be19cad88dfc9a412b733.jpg,3
351cb5528affabd6fbde8556d9822766.jpg,0
93cdacb90f20fc4a4c0d9bd9ac6b90f1.jpg,4
1825ed00bbaaca100482d175e908d632.jpg,5
0be417f05f4eca617ca22369a15fc527.jpg,4
51de378edb8052809a3760b97d1f38ff.jpg,4
4d32385219aec387bce151a7a2702377.jpg,0
cc64b4247249e80f6418162f45ee84ea.jpg,0
b2ee98894a0fb2ab29d1c071c09b016c.jpg,3
8846e8f9ffd440ace3d6bcf00667644e.jpg,1
b5e48b2f305e6a8f16c723e7517a20ef.jpg,4
8450bda1bb1316b9d63f7f2162a12f33.jpg,1
50fd5e9f98a3c932f940cc0aac9ab221.jpg,1
1549057d3227ca5f1b7beb0a00baf48c.jpg,2
740f1a184fed1cd61f004d4065897618.jpg,0
057fcac163a399aa38a91041c7c9923d.jpg,3
bf6ceeea7948a6241f772e06049ddddb.jpg,1
364ad9e70029db68c04cdb5a3f0168b0.jpg,0
3eea06be145d9ef90dce3f3469ed9ae9.jpg,5
1cc272a9c0c60c5c90e46897d2af1d78.jpg,0
ecc53ac4c32fedec268e13ab5477d29e.jpg,5
7b3f736f70aeb41229e3fe4454e1b2dd.jpg,0
711ba0ecdc521f3088373fb7a1fd6243.jpg,0
d0a5fc90e504843d85401ccde6e38ab7.jpg,2
0a9b593fdf3dea749b435cb4d924af88.jpg,2
ca45d87c86be43afabe81f5ba785696e.jpg,0
1c0d3be224813d3fdca68a03faca3af2.jpg,0
44215ecc44a9d5f852066a80e0576126.jpg,2
5dcf8a900159d78728bfc9cf7556d523.jpg,2
9bc94f2b8836ad8771c08207528cfee6.jpg,0
7d5513ed51dc91e220cd7d1c84d2f9d4.jpg,2
59e319300d5ed8862911c6649d08a164.jpg,4
7483466924d2dfed436975a8303349b6.jpg,0
0cb2987fee6514adc3455b9bdc9391f7.jpg,0
d57a3f7bf39e9a8f8c4d8b1a57d0a321.jpg,1
9657cabacaf24b15782601cbc32b7d32.jpg,4
d8a53d1fc6282ec7d8cae6398d96b97a.jpg,1
bbf92e3e67db05783c0d0efaaaed6b9f.jpg,4
cae50a8f8b1bc7eb57e778d58bf3de8f.jpg,0
abee0e23344c6a5f7407f9b34af22221.jpg,2
8f6a1f0d3bb215498aee44af12ca0f27.jpg,4
626b1bc159b406edb459f8584a5d6001.jpg,0
942481e843bed1d7f9e14ecdbe52686b.jpg,1
2aee584e9f479089fdf0286745ba5be2.jpg,4
e10e7d4ffc1b1a050f800058f25e89d4.jpg,4
f93b37251ea60b59b1580be01a4d1307.jpg,4
bb6ca24e105b139b8927f9d274ec5190.jpg,0
78fc37ee169f8d8765881f321564b12d.jpg,1
960f84d8c7f12a92a442a24cf936bed5.jpg,3
f153814ce92d598e01b4c98db0d4bd56.jpg,5
b8c892d4a674447876a4b8c9ad34a8f2.jpg,1
260ed6d4bc1f4b1174d0329b6bb63553.jpg,2
2ef10dba69cfbf1cf08b29d52456df80.jpg,2
a4ba25b493c4eda4be5a9dbc4d8de84a.jpg,0
2df4e6f89b1a64ffe0e110e377f521d5.jpg,2
cbade0d3a2cf886598e1466f8a276bea.jpg,2
85f22eeb304f379630616de2cf406792.jpg,0
44cf92e5be079515150cdd1d1d263d9f.jpg,1
c99b9b6b2c4678b2185397c2fc38bbf1.jpg,1
294ad624bd80d111cf6d644bd356848c.jpg,0
0271b2caa247771cc03c99c30ad1d48f.jpg,0
f240370a23da53eb9f716abf811d1365.jpg,1
c110a1312cebf1b19fd19f85d90a181b.jpg,0
cf4725b5c8cb2a6204302998ae2e0408.jpg,1
957ecd57cf60a7fbad5beacaeff3f6df.jpg,4
4339bb2b716bc18d1af08e88864d19fe.jpg,1
15715223001298e607f644d2c2eb96af.jpg,4
b31f978105df51d6a53cac82f7fe5648.jpg,4
43e9f5b45d77f89195e6fab046bf8832.jpg,4
871b81599ffe4da9574888968bd97932.jpg,2
6158bf29cc5f152caa5bae08d5b10439.jpg,0
87f6be9e89be74d6e693f48b9ad5a7d4.jpg,4
ba432e07974507fd726dcd2a5e4ba340.jpg,1
961182a4d291869b22e3f8d59bbfa419.jpg,2
6460ca995538355cb1bf1d6f2f38f8bd.jpg,4
8c548bd01073ee6d5d87fa693d62fb0b.jpg,2
87f5da953a7bd32899af5f5ca7970e94.jpg,0
bfb17c4fbc597861b68ebc1e83df5dce.jpg,1
a37adc4cc0ecbb51eb0126a7c35bb974.jpg,2
a18a443b43d4f13c98789f81a07363d8.jpg,2
a0df49df47094f2d0ebba6de1f957b34.jpg,2
2dacbd24b20dce1e7800ad36782247fe.jpg,4
2ba1261bfb328bf42ad77d8cc3e4e45c.jpg,1
190709f0d470e6615d8a0ec3321860de.jpg,4
2d391b103dd044c1d64907ee201cbd24.jpg,0
65e483c6a2aef2bb39fdfe722f796b30.jpg,1
e17398f74c571cccbebc89f12b4fa782.jpg,4
f438a67367dd6451a72afd78f28f99f8.jpg,2
cfceaad1ae8ee086ede56ffc470119c4.jpg,1
606d8b37aecdef28b6736c9f75e024d6.jpg,0
d4f6c6f681d5121bb050916e34b49ff3.jpg,0
1df0165ae795414d185f2d199aac8be7.jpg,2
572af0fbc3fe92cd4faca8d27f2b45bc.jpg,0
1e39e98dfc6f96c6fa4b9d275b87e497.jpg,1
de2b382ede9380a9a5c6d0d13df5a4a0.jpg,0
8a0450abfdefbbc6163c312513986d2a.jpg,2
ce0308dc52922b5b3cc5492939116d91.jpg,2
8e22589f70c4ac4214676fffb915d2a2.jpg,4
71330df68b9d0d39078f48b1d2d5ead6.jpg,4
48e336cac077881e104965f5612a3ca3.jpg,4
410021f8c7b0a1772b067c8f87d6d6e5.jpg,4
410bfbaf103e9d932419605818ada437.jpg,0
4691a0474b2f44ad2754e0066d78c317.jpg,5
331e75a14e3e24f500eb88f880bfad4f.jpg,3
581fefa95a92b4d52f0bacd0155297e5.jpg,2
68dab32132942c73f395fbfb32e50d31.jpg,4
a4ddbde7646b879e1d0aa6ec9a14180c.jpg,3
e4ab6091ce52dad98d1237db993520aa.jpg,4
d3fe9a1be65ea20348d501ae656efcc7.jpg,0
2f3b4cd9a2ea7af4c6162a54e5bc2378.jpg,1
b9886e184e836327fd1275a0c3edf965.jpg,1
dd796f1446785e71c17b6592c552b744.jpg,1
c287bce240ea0c21a1e2c9e7a5f33871.jpg,3
2cb6d2432d3e1f5e6c5d7e8637e26d5c.jpg,4
c8e22a1c23dbbff2d24fa1bdf70a85c4.jpg,1
548f9f8991c6bb69a4bc062241bc37e5.jpg,0
f562efdb4314ef86de8e9aadb85040db.jpg,0
b9ae1aa55be46a7247ce9af3f1369af3.jpg,0
bc58c5c449ec1ba04b0adbf99b2e75b9.jpg,2
faf8077e93cb51090bb85d6fe5d94d31.jpg,1
d5b3a832759c654a263ea6c49044fc12.jpg,2
fc6a93e2e6df61a9ee04f741aff9c352.jpg,4
c490385615f806a654641a56773fc93d.jpg,1
9777da27ff4b643adc861fa931fd0eea.jpg,4
4cc29da98291fb3a3e3377cbbf7e1245.jpg,1
501ab1585d49b397cd73eb342056123f.jpg,3
4db8d8d0e50325b8bf7dc1e057b78909.jpg,0
4e4785dfac50b8d5e514834f65781881.jpg,5
b17cfd44709fc327388e9027c3e2080d.jpg,4
e2f5fcad135e7bd9e49cfd39c2e5de2d.jpg,4
54e215589cb10a68c2929e89ac0dc008.jpg,5
9be761f856fc33044d02987b6a6b0d27.jpg,0
642ae042fc7e908491c5089b0343f482.jpg,4
827483ab3690b4552049202340410afa.jpg,1
ea7ac118975a4e05b13ef72338d2acde.jpg,0
861df9875adddb1b201962ceea58a807.jpg,5
b5583292bdd019f92b6324e2083ea4de.jpg,0
2dd1bd7bdbff746fda1904d9950b94d2.jpg,4
85d2f909d3279474f306c82bf754f47a.jpg,5
22887413919591c6ab21677b3665d0b8.jpg,3
b185382ce58df8686d746cb3a20ccc98.jpg,5
5200aeb02b8ddc45c21ee171b72a4247.jpg,4
9aa52f69c8b9bab372c54ddeb10eb8b2.jpg,4
f02bc8a5f541677f8b0217cb87fb9377.jpg,1
87736476a6c0a9b156ed1d5c62cab44c.jpg,4
9035e8d94b2d6266f90bbed7ad54cf92.jpg,4
9404a34abc2bc2c6b925c58efac68ec5.jpg,2
0e03ac6a90fea70fe3294a7a24703b92.jpg,1
e745237a0e33040796d3f105c8cd044a.jpg,0
78ccf1e87e1d112818680d824d5891d1.jpg,3
5aaf6f31ba2b0948578f3055a905f1b0.jpg,1
e362a5bcd96a8a51e29b0caf0728eff3.jpg,1
3b3e31a0309314057c4940682001811c.jpg,4
2ff9a48067f7ea46c3bc54abed14ae21.jpg,1
b73400675eb9d0072dadef1fd06e62a7.jpg,1
e7b4f1d7791f3f75106505743869497c.jpg,2
6ac3433a9065ea94cb7c31e821fb250f.jpg,4
de9c72edfde0552d979e4fee78dd83c2.jpg,2
be1fafc5e1c94616393a1d82d0bd1e71.jpg,3
1b3e46a8ed79e8b017e071cf7b0ebe58.jpg,4
5869664cf6656b1ec19954c141b09596.jpg,2
3e66b8cea8269c4ca62862bc7d024b7b.jpg,4
2931a8530a793e7608e589d0f6f52452.jpg,4
dfc8f35fa08a308b54f44e46ecb9e22e.jpg,1
220077e5d4aa16b2df6391c734f81ad4.jpg,4
f39efe0a79009689426c4a336116d36c.jpg,0
4a888509f9d1be6dbba06a44f81ae4f8.jpg,2
ce382ddbe20c9c0522155794cf442866.jpg,1
34fb555ee5f90cb66554408bf4b0389b.jpg,0
8a1e0a568fb4a0d9aec87de37bb2e2fb.jpg,4
e0ccf98512cd13daafd6f000411f52a5.jpg,5
3030c3ecab48a862cd5000839ad3c617.jpg,1
d0998f04ca285db68e228590922e9f67.jpg,2
70111fb26560ad158275b2930e88e988.jpg,1
8927dc4ef90abe05d5d551f04495e44c.jpg,1
6dc500f2f79f8cd9c664fd1bc5d6cc38.jpg,4
a0d511e7864da8dc5c232b8fbdd9c106.jpg,0
0a5f8841c8dfb2d67d844a66e39658b8.jpg,0
a8ae0d40a280c5193998a75027bda627.jpg,4
16998e723a499a9fc54e00e7c7972b91.jpg,4
1d813978b007adff11debf6398667279.jpg,1
5a9e62de1e184060ac8be5fc4d0cba27.jpg,1
c5b519005c29b9e05369850c3c060f4d.jpg,2
350cb9df004e0d5f96f5e4ad63d31f62.jpg,1
656e9cf74b0981b6ba7dbe817db0ef87.jpg,2
bb49de5ac9964f93279c121d44fb1b7b.jpg,1
41946ad8b1317d12aa1703f6241504f2.jpg,5
36b56773214b6d9c0e7e7651fb66fb8e.jpg,4
16ac1ffb1d487f34f9ca7af1fd568fe9.jpg,4
78d6257c5d9989b0b906ba62bad2e66e.jpg,5
631b19640cea28de9bfd0ee7c3a06371.jpg,1
a2b64b8d4ab1b8d5a04d2f8109e3abad.jpg,1
172cdc4c717f6b1d8d09d8cbb60a5e53.jpg,4
e6c235214a7d00c819908b0a99a9c1c6.jpg,0
6795e8fe3b3687dcb2a45146bad41aae.jpg,1
99943aa8121254afc3ba9cd7bac58510.jpg,4
141e3a0ab94110a3e6f2abd91769fc2f.jpg,5
8b34d402bf6adce732c3596780c5a08c.jpg,2
af87e2703bca8c4ee4d6b7bdfee2b3e9.jpg,4
ada7cfc839cad9a5ed1e566e3dce8473.jpg,2
9b7d40989d2a99af69fefbdd79cb2891.jpg,4
fdcbdf42649a0a7db77d61077931f736.jpg,2
10c4a44aebc876ad436880d14689f008.jpg,4
c4afa127a5b59e80b78da966dd9dfce4.jpg,2
cf34020c14811bb7d6b0ac56658ad739.jpg,4
6665b21f8a81785b9b3ce29ec0f7a3ac.jpg,1
d7ceaa000e383d49aa307615707d2757.jpg,1
5986652708b32ed3e4686b200905b61a.jpg,4
374b4cc0e089ff073184ac36647ed134.jpg,2
551e160ebf71c6193e133e4efe0ca387.jpg,2
42842ee42908f40c4129f75021370433.jpg,5
02c5308f10ea4e7a02a4f36074cba060.jpg,4
facfad4648dcbdb0b0189a6c615a5c65.jpg,1
832361baa4389be8fbe799f0abaf88dc.jpg,0
5c3e728f3480102bcfd85ff59838606b.jpg,5
56b804a5ec370f9e49b31bdb3419a677.jpg,1
a226df9dd9e7eb9f38d7df769cf35658.jpg,0
ebf7883dcdb3e7945ad1be73725a35f8.jpg,1
4540d551990c7a75a2c72e417d79525c.jpg,1
8e29ada13c5a07ca19b58dd3a4b4c797.jpg,4
118ad33a3010530da971d051d59e8b79.jpg,0
057a68f3ee0373ee0c8f7d678fe4d4b6.jpg,2
fe061224c088e81fbe30d9ef93a2bdac.jpg,0
4e229076009572862b556228dd78910f.jpg,1
6ba881f956df900bd66a778b86c3132f.jpg,3
b74ea79ba119bc96f3306150a766a1d9.jpg,4
3d7669b78109fe1fe613ded5f034f403.jpg,1
5b8b65557a28ba6c0889de38df634f03.jpg,0
fc7c04206c93aaf0b497aedcdcb7de51.jpg,4
38f686ad5a5513c479678587f561cc19.jpg,2
1ef761485cd34e9510c7ba40c1dd1d25.jpg,4
1e0281efd044106dd7dae84c65d427ef.jpg,4
307c2a1f381e6ff22d1351473451f6d9.jpg,4
ce7c5bae44116254ace41554e70a46d9.jpg,5
07e44fe02964948c3ef7b1fdbe6f489f.jpg,5
32208b814045f0d1bf0bd7f702af1211.jpg,4
326c31610fb987ff28319939cdf394ec.jpg,5
b7b0bc6fd9def5dc248fbab45db1a522.jpg,4
bd4b4e0932ad29e48a8c50dc0541c3bc.jpg,1
f8a6282c3c460719a56dcce19e41220b.jpg,1
8e088243586ca5318ab22e73d4059c52.jpg,5
247283823fa2510c6cd1d55d02cc98ec.jpg,0
d0e028b795275c96c01d7b2798c0726f.jpg,3
47c33db7b9cfd927c8b64a6ffde72c19.jpg,4
78d725ff19fe0fdd1d3d1340674cac6e.jpg,1
05fc271241bdba7ed08f21d644cf1f98.jpg,1
9be412097f07b505a7eca1e1139e6a2f.jpg,2
6e4560269b72a7457cbb63d0e941acbe.jpg,0
f2db2c9c7b2a9ced8125821c63b151ee.jpg,4
41f8a9a9f87b2fc04de80c1222db05cc.jpg,2
6d8bb4a0a19882dd71327d4fd507021a.jpg,0
98562be129bb7e49db1da49bb706b7a9.jpg,1
f46bbc317efe759de1a9ac9f7cbad201.jpg,4
a83af11c4ec41fdddc8a53cee99fd274.jpg,2
b0e1a57896aba5df64372663e66aeeb4.jpg,1
657e40bd4fd4271c578624066be29d5a.jpg,5
1a73a70df8279d0e01d827d8007f3b6b.jpg,2
e9ea327f646fa3c25129da56b0fa69a7.jpg,2
2fe18b9c06d9553c6da8700506e779fa.jpg,1
8245fad0d5deddd013f3f3bba9c0ab21.jpg,4
64f61d77d91d84af4566557dc296ae5e.jpg,1
a0b6dcb127637aee9a0a870a329e1b45.jpg,2
f993765f9a85838efee691784a17a3ae.jpg,0
a61b42946ee3a6b16f7271ac0da01f8d.jpg,0
eb9b8e8a5015d4ece4ae7ef20290e5b2.jpg,1
091e215e4d3dcc20c7919a3d4f085fb1.jpg,4
285b21d1dea8724b4f9741e73c7c3eed.jpg,0
998081e9bf1bf9964f1cd6ad4c6c57e0.jpg,4
b11a8f970fb93589f738998dc67c8d2d.jpg,1
9b2184eea5961e94feb3b804f704474b.jpg,4
9e88ba91ccaa35ce717ee7e5eec95e1f.jpg,2
369addecf3693225f16b08292d969350.jpg,1
44a9cee037c3d243dbc7bb0a6b405c80.jpg,2
2c79443689586c77ad5c759013830e73.jpg,0
01047c596738a6eaa24c7830f34dfeb3.jpg,3
bb483957ace9942a54b950c277c621a9.jpg,1
19459d754640046f5811e488f98cd24c.jpg,0
566cf70c678ef39ad4cefe54cfa843a5.jpg,2
f5cdd72644ff01ec0ba6b350b44a6b87.jpg,4
d2ee81507f8f090ed41628d92028ab5b.jpg,2
71c2f14880c1b062c2abf2f85bdf48ab.jpg,1
d1dc73bb7b55570966dc0e607a7a74d9.jpg,3
0cb8ba8cc362fec526fc930e725b7163.jpg,1
d70218cfae062f2e995e9d05275577b0.jpg,4
4990da46b3105d91121b3cf6bd8f7ea6.jpg,1
f7679e67ec78e937755016439239a615.jpg,0
aeef5018d901f2f1b70233431d26823b.jpg,2
6a0452f15c78d0d14b92b44eb32204c3.jpg,0
1f8b34d456903da21afc573fd5d0d5d7.jpg,1
ede0a7c6e2944c5562bd0b1467696be9.jpg,1
1c8f017f8a606a21530c51a4c26174ab.jpg,2
c0ad4c015a4c08c40de4df5cf9a1f321.jpg,5
ebff33c8f382a49c56a3b696ecc653aa.jpg,1
2936c2402c30bea4550808b168ba7344.jpg,0
f6bb2e48acebc1608193a83fd9fb3b0c.jpg,4
fbba6e5f015c3807d33e498f36c0ab2c.jpg,4
6016cccddde12a2f5659be3061c53abb.jpg,4
e2c4b77dada24e2e9d66e6c000b78a79.jpg,2
883e94a863bfde0e2c82aefa9341f112.jpg,3
043fab4944ae2a55d979f50f36e510b0.jpg,5
c9252019e3e16b015325af4743c1dff6.jpg,1
cae93a950e15afa15b802b5d3892bc57.jpg,1
5301922d82428b2389aedc005c949abc.jpg,4
307269f91cce522c07fa24d1fa8fb4de.jpg,4
6bc0a22df7e791ff750be56b5d4d823d.jpg,1
14c5faf183b98c614bdc3b52718d14ca.jpg,0
fcfff77031fa468c834076b5ea17783c.jpg,4
de4bf547503ab19fa343d39ee98faf4f.jpg,3
8e6d66b553827e860e408ecf662a8ad1.jpg,2
2d5ba858f00621d08b1e8f89c45a237f.jpg,4
40f20e69eff99d436c3116b24e18b9d5.jpg,3
6d20f5ea62a91e5cb43b2155301b7761.jpg,1
aa60fa63c82cab194a5fbdf52a356443.jpg,1
22dcf06d6befb48aede645e3d354e8c6.jpg,3
405f4294eeb119ce0fcf89f0911c503f.jpg,1
e55331967a592372ef866010808fb6ce.jpg,1
9f917dd242e7c0307f276f7a44d212e5.jpg,4
258a2fd77eb515beb39fdc3236c8021a.jpg,4
f909c7715ef601a6907bbfd08b7f31e2.jpg,4
b4a7626998cbbff1ac67181855a69c9b.jpg,4
19f6f1aa383f2110df6c97192c232faf.jpg,2
eda9ced0b4410d6c272b25f929ea6e82.jpg,0
eb774bb6686a3494ababb731c9519b4d.jpg,5
0832e30c4a8ed577f21c47348c780f05.jpg,5
9465951f2b8b133dc3fe27191d1f6552.jpg,3
d48c36db59a8227f1cad525663b24515.jpg,5
55c43233d17a7093e87b7bbf41701507.jpg,2
82a835d879d411aecdddcb5b302a7812.jpg,4
3fbc11bf2f843e1e862507b46ca3f1e0.jpg,0
6b2b2ad895636e7975be47677138967a.jpg,0
851c69d11448ad4107a8ceae8d670af1.jpg,1
46fb62d55365f3d31f2a53e674ced06c.jpg,0
aedc3d5dca12929beaa300bf7710d083.jpg,5
6dbf57398962e22abe920e66e5d52cdb.jpg,1
278bbc251c7e5e8e97aa0448d4621bff.jpg,1
19239863633c4e439389b99c7819b4d1.jpg,0
4f08442d4a4c6661d5dd3ec426795b80.jpg,1
cf238223617cfa107463bf62f24557dc.jpg,4
81d1cdebd79678679ce4a4c14b209573.jpg,2
b8970be93446e7641798338b6d18392b.jpg,4
b8af8299f7d423818e2855c86805c0fc.jpg,0
9a3fec98d352d740be5d0581819bcfe9.jpg,4
aca132f02ea0e08032a18601ea37e8bf.jpg,4
3ee3468d3a1c8cff58286c35ca0fe6c1.jpg,1
a00a632e62a65b92d2d114a487f50921.jpg,4
ec5f3d91e2f8d96d780b8b0eec47b265.jpg,0
4e8babc6a4ed48f3a8c7b0359865f034.jpg,2
9f5bc2f32ac9a5c8d3b4edcbabd14786.jpg,3
23d5910a154a8f89c88f466f7f8df1ea.jpg,4
6b01d0f8d0a8b458639989e26848ce63.jpg,0
75fb619a663095544a3711eb956cc438.jpg,4
a23518cc19839b70310a0fbaaed6431d.jpg,1
19d5046c1bbeb644d218c8c592c174b0.jpg,4
9a49609198b73e968f79beafbb90891c.jpg,0
127ca9addaa984c838c4603637dfcc71.jpg,1
c1958d6aa0a541163c48b11f229c0631.jpg,4
72dad127f9313dec3127756b8e21a9f2.jpg,1
c189e4f553b4647e0753eb20c9e8053b.jpg,0
a0754d0db9e7431cce048662a17c5215.jpg,4
20fe0be0d2eb60c1ba94447c3c7d686e.jpg,0
6e01955fcac129b8c643f2540cb365a6.jpg,0
16bd72d086860946c2344fe012ee69fe.jpg,4
22a842ebc44bf9ea29bd76eab0543708.jpg,2
28a302c33d454b2023080139c2459b1a.jpg,5
7409f5bf092edc42a0cdd609351bcadc.jpg,4
9752d437cd0acb0b1cc5811b0ac40b51.jpg,4
91590b320cadf125551ebeb10aa8e1ea.jpg,4
75328099c4b0ac8c6b6905f944f142df.jpg,4
2ef8102fe1ad7df7a55c72dc96d6545f.jpg,3
4cb90402076ef60d8092b98bf8fec09b.jpg,0
0ce7107ed36eb6fcc8c3acea26aba6ea.jpg,3
540eec6514781889120377c66623657d.jpg,0
7e40e926753a64de42fd7485ff6319bd.jpg,1
b4910d25e9c96fca74bb68cdfad71a0a.jpg,3
1edfa54c74fba3871d49ceebfadf0cfa.jpg,0
3b285d2398c859772483886d1715ad42.jpg,3
69d7fbe39212b4c88a7f910ad0da8c32.jpg,0
7d7765d2ee480c29f932c0e8410cf28c.jpg,1
78038e07b5df6d26f26832a688f5d2bd.jpg,4
5fbddec8912d293722832d6c847f5c2a.jpg,5
d1cf3ed5a861d3b18cc48b95d5cf05d3.jpg,4
90e8301793258e672d535a432fd29ad4.jpg,4
61275ed044b0e3ee828b5e6c6a25fbb7.jpg,4
00f964814b4d7f5e838c33e3c170c240.jpg,2
e4f626120d5034147153caa5c07f1f5b.jpg,4
2e5dc9f9845a626e912c2f4f1be6200e.jpg,0
bfd077be9a552353ac3928a1186448d4.jpg,5
80d66493e3c319f92bc0ad3a0f2e75b1.jpg,4
eedf18f4f72dbee68a630555b3c84620.jpg,5
b6444b721c5cb4770975ca63f414b59d.jpg,5
2bebbbbfefc7413ef15920c046eb7cb1.jpg,4
b22f0ab3c683cb707802095b53ed13fd.jpg,2
9322ad3cf512a89bc3b3fc8a3f879bc7.jpg,4
202647be8cb456fcae7fb342c769fb90.jpg,5
b877615278ebf43667c937a4d1773690.jpg,0
711b30fcb8eef8264d5bdf62a74b526f.jpg,0
d4ef4d544a190f5c70be6063e39a36c8.jpg,2
d2491214e434e7b1b330f9d99fd9e030.jpg,2
55bf162befb09adda70a8d18ae141ff8.jpg,3
d3233d8f7bcaf8f606a902a557c57353.jpg,4
42f2ad4e5bf3f90d76fa534e5fb67e44.jpg,2
d0e4e97950b32fe7a307c8e66919c578.jpg,5
a34a9002043a408557900f27b6358bff.jpg,4
7b85c17ebde4809bb678db16d5709273.jpg,1
78ef396c93ea918c27684d33cd8ca9da.jpg,1
7a45609ae0034a7bcd8a51398082cb47.jpg,4
c795ff6324dc8d11398536a3dbd4e0a6.jpg,0
0967a4f5ccb76cb82e78d3c9bb3588f7.jpg,4
7be1eb7229980fdbe5790b62c00126e0.jpg,5
c05768c0d01d7ec62e934bf6141fb832.jpg,3
48f2edf5e76fee11ae17eaca527a4731.jpg,0
e3b75dda8199ab3feb4a89ceda106588.jpg,4
3e09cde35f1cb68a00542f097372b2fc.jpg,0
efcbb7b39ecddb08e0a6ad99c0557580.jpg,4
fcc5b9f464f2055b084952039a10b62f.jpg,0
86d946186729e846180b52def903ce7c.jpg,0
43a2cf973abdf565a224294a43d25f39.jpg,2
42151580419bb1d173b4bebf39118892.jpg,4
2f1a6282fad28feb47d09feac58d32ed.jpg,0
1061b94dc22c7bc7188b41076d053086.jpg,1
42949cc44e6516128c39bafe4bc8f72b.jpg,3
50d2014cc47c6b0eee43a6c9be8c989d.jpg,0
b49f66532ce099164bde00d2404a4f88.jpg,0
bc5b4cd5c1e097c5fcf441641016e54f.jpg,0
7767bf59ff92de6664976194d878eae7.jpg,2
83aff28c0afc102ee2a5432b0a917f75.jpg,2
71789f2f2a87339dec5346ee0a32f7ef.jpg,0
7bab8a213bfedb76f5af6f241a48902e.jpg,5
9aa28bf6eec5e9c6e076fedc3ca7cbbb.jpg,1
8232497a9c949d76cbf264ab11607018.jpg,1
a14dc27c9f0fcddb7629fe074c22a15f.jpg,4
c858cc6ebc5d2794ee8734793e343139.jpg,1
93f9e511d355c7916121fe5f6bb52cdd.jpg,0
7f1817aafdc754627bb8b71789786384.jpg,3
a43333046b318d602b343271da0ad126.jpg,1
c9d4d3932d7be61a2562597e0622988c.jpg,3
d65434991d976b868d47790a35e8302a.jpg,3
edacbcc1894e8d87bb534cbe0f0c3c64.jpg,1
5c26c9c90e633131ce446f13087ab7c4.jpg,1
68687582e8070e66ea82537064f440cd.jpg,0
140bef51d2fe2976412c397f7b7f89ea.jpg,4
c8a27255957d1b07fe9d25175df621f8.jpg,5
b8d8dc167f50af8bcaa1d4fb8e3314f1.jpg,4
85aa8bb58275ea35ca5b1eec1234e019.jpg,1
1c85d6e9c4ff91af4c8156c97fa3e5a6.jpg,5
3744b1b40210f8c4a110b8e6ed2ff900.jpg,0
803cf53940c1a8bd6c2d89f4972cc400.jpg,5
653e287f7a2dc22cbb8c96b9f08d964b.jpg,2
ccf62d145079ba6bcfb69b767d3d1a7f.jpg,4
0a89f74102479f9189fee0359a84a2a7.jpg,5
086484e51e41db2749b2ca9a8672dbe2.jpg,1
ae152a12893b9d7610765e923d3d1a7f.jpg,4
0848ae9b25be4ef02eb8bc6d2897fe46.jpg,1
6056a83a0426c7e11793e6310235c2f3.jpg,1
0c68ed016248c9ec95d3b9b60d05876a.jpg,4
cd3b27359a8f935e3301010b173ffc9d.jpg,1
c13b7fd0c3c92b453f3d33d9f51acb95.jpg,4
1fbb4aa8058fa5ba741d51cec848cd90.jpg,5
382f2eb2c9d334e362600645c8905658.jpg,1
1dae83ac390c74c550feb4136d34173c.jpg,0
365c726295a3229603db18b520f5c79b.jpg,5
bb1a51bec1c782bcbb41b6f12c7ac7b6.jpg,4
23aba18088de69b469908cfb330edb7f.jpg,0
25e622e189d2a3eaaeee3362c9b22b97.jpg,0
2fa5df4ac9ef1462b23760294c59b8b4.jpg,5
2a0838e303e3a19d825ff7c277176db2.jpg,2
f93e70359b6ef42d7d9d477841fefd2e.jpg,4
6522aa069dfc3e9337f76bf32326a769.jpg,3
0ad7a79378e81e96f3e0c0422aa3f790.jpg,0
7e4dd8c1d89960864d1ed1fd2b63b7b7.jpg,2
48693e7d9eb57efc356ad3f5c209b815.jpg,0
31e5153f90afe7e13bf35b95ab44e523.jpg,4
3ff2642abd9f37fb557412c9fa7ca869.jpg,1
cd921afc378d236bb2ad588362d92723.jpg,1
ae525a4a15029b5cfdb7473d01e1e96e.jpg,0
3cfdf48c18c357592bdaf5fb0ce8f330.jpg,4
fe7395a51b9b92fce3e94f436a1efc05.jpg,0
d869a91ad09fed41a9dda33c1e8c75be.jpg,4
a53135aa88734390e4bfc8368181c12b.jpg,1
6de53122d73ab176efcae2e541df38c4.jpg,5
31902bc1c1e48be9d9ae3c43985d014c.jpg,4
e7995f13e19d6462320cc35179396fc5.jpg,1
e68d3a93ed0d698c0867ad8fd18b5ee4.jpg,1
99d62f3a3c86cf6f0b6d228606580ff8.jpg,2
14b5c4030c4b09cdd70841b0672e26c2.jpg,1
18a2db27dac66b70a2e39482556bc0b7.jpg,0
6309e935eaccf1eaa0d57d321b62b55b.jpg,4
5c33eec6b8cfbd46918359d38adb7150.jpg,4
439fea51ae4eba8135b5902fa34ff765.jpg,0
39aeb56da168c872776971c2ed22fe8a.jpg,1
8a112f6d66d0733b88abb5bb83c83fab.jpg,5
343769476f76bf5128392db5c547c67d.jpg,4
6c855b21fae67ed0b2156ee44a256257.jpg,1
e90bc2eda54d393acc6d949d414f4261.jpg,5
f26657b942e4fbee1333bbee5fc4df49.jpg,4
b36d860cb223828b1c694a94372bee46.jpg,4
065a6a6d9643467afd7aa750ec047c3c.jpg,4
d351d6c809ebcb594314398397dc1b94.jpg,0
535e1acca7ae744d462249aa74fc0924.jpg,1
2e30ab617baf4bc3ca9479715ff6522e.jpg,1
2c455da3bf17f635e9f1afaa9589241c.jpg,1
37883cce5dca53f362bd1b2efdfd88da.jpg,5
314b196f5b1533431189165c462bbac0.jpg,4
e8e4e254afdc6524641178c7548cd638.jpg,4
044bb072d7132481b009651d0eb3eef0.jpg,3
0e0c36dbef483572b7e6985470eadbc3.jpg,3
0dc3b1de95e764e08796baf5fe8b8e72.jpg,3
6d0d328305c7c2aa7a8817a606cb2063.jpg,4
260d390d0f401f7ac654a265df5902e6.jpg,4
9a804f21a6d94ca2a34b6d66b6275c60.jpg,3
6a914aacf6fa53f3fd538e680cfaa711.jpg,1
72e669690930fed5173d1bafdbb1d16d.jpg,3
a488acc410b8c891f5987192e1a75dc0.jpg,0
e312c4c076e1dd9f57e3216b7ead7d1a.jpg,2
b7899e7abb535c15a027628748b378b9.jpg,2
c041aa39fd37e94585467da5a7a0e90a.jpg,3
e27eb30a787dd82a64198bd0fee706a6.jpg,4
56ea134f5a9f45d6353893f3cfe9f532.jpg,4
3c0716f9944a1f6bc2adf4eda4d9dd53.jpg,3
f954c373e1ff89b90eb85764e92a3afd.jpg,0
5f7fb8f6519850596819c4b92fcd54e4.jpg,1
68b72053055c7cfbdf60a368ae8bb862.jpg,2
b9aee84522f6236653df28a0b289661d.jpg,4
1da19ff52715cd03e34fda44efb9c639.jpg,3
0cb317997dda8758d2f6602cb55be01a.jpg,4
7bbf37562bbe04c0617ea6c7f44dacb2.jpg,1
ad49c10b83c00b25cd17fdbd05a74ed5.jpg,0
526abb6a578036aa3f85709032f9a13a.jpg,0
7489053f74d9876e16a28d5e455ffc85.jpg,5
512786088f70fa3e3a128d6637a2addf.jpg,1
40c7f715a213b26a964133e0a2b6e52c.jpg,2
7fc784bbf11c35c85e2e03c30c86acc9.jpg,3
8e719e0ca9da7396fd9e08b0101ed051.jpg,1
d971a3ca765dc3c93688a08fa302e59b.jpg,5
e38db35277e5942e1ae9fac2ee803639.jpg,4
9b9da741213d91c1ede4ca1b761062d2.jpg,0
c8fed0cdce2acbac1c47d549f0ffb03b.jpg,1
3f43a516070dac1558506d324e81327f.jpg,4
fbb8637391e077ef100ef9cbfce27518.jpg,5
7ea57edc16981bcaadee9f6727e0d578.jpg,1
10ee65c2e526d2853d514ef5d8b09fd8.jpg,4
a574dcb9587cfab234fe001628dfe248.jpg,4
30d40efa09f907a5655f082792e03b55.jpg,4
35a0b78a6661a708ff6e04eeed9c0cdc.jpg,4
416cb93f1b68690268d6d2f42a4153ca.jpg,0
36cb8e91d2f4379d069c71c985cce9d6.jpg,1
b84ae5bfa76695c4fa26f37d65317c92.jpg,4
3b30a953a23216fa2ecf2d630b401f25.jpg,1
491983215b432ebbd0fa17a954974f88.jpg,0
1ef73e24a4fd5ce6038e18cb613ce818.jpg,4
45019106d4784c42c79efee8bdc78e2d.jpg,2
ba6b931c33db3a4575f47145c155c816.jpg,0
32cd167a4e1f6a6eb10c784e0e63ade9.jpg,0
f6b3c26f3b4536b0d87c8c5ea27d67b0.jpg,0
63ecd5df892f4fa2f2201c69d3ec8047.jpg,0
2da2d157b0f91365ece2a7b7302f674e.jpg,4
d3fab8c28a65ce6e2a1eed38b8aefd49.jpg,4
e13443cc9f01aa1dc38e90c3d8de7eab.jpg,4
98cebb6070edab77b3ae19794acf2d93.jpg,0
407e96e4ab885c4948d81023fc0f2ce0.jpg,2
88d48623d213e077b0f336936cdcc6af.jpg,5
a2c9cd70cb6535eced5c4d1334b7f83a.jpg,0
69389a789ac032a1b708a73539aae04d.jpg,0
528f40ba5c22b602184119fb3103e41e.jpg,4
d4dc7aca748ed5a215159a4832538e39.jpg,1
72c7e973072f74a4072082fdcc75ad38.jpg,1
3f8c2c2b8f2b68613c55ec96531950a2.jpg,4
07e9fc06236f3daf7f160641fc28f1c9.jpg,4
d8b2b415b844814de016198f6e286c53.jpg,5
bc130edd424a44ec3378571da050806e.jpg,1
faff9b31698cc84cf797a6557cdbddc8.jpg,4
c9b3c081900cf27dc82d2907b16aa81b.jpg,5
0e15b15e7d044751ce8031ef2fc1f9bb.jpg,0
0a7959459e34684432a612f543432f9a.jpg,1
48a2c08940de8c5979c2deebeb7480c6.jpg,3
7d5e42ead558503a2d744242931a6f34.jpg,0
87ab2dcc5af93fb0191f8d9395405abd.jpg,3
eb241e8de9347a68032a923b0b1a0cb7.jpg,0
c531bc7490404c0454a3cde4306ebfd2.jpg,2
b1975631b3ebc6aa7792fc349fae9dda.jpg,4
b42ab77dca9b7802fb381dce9013e7fe.jpg,5
9ebb5267669000078170ad1d3295d9ef.jpg,0
3f1f6cd28b4c38bdffe36fd80c6f0971.jpg,2
dc9f835d34740c1164999839c30142d3.jpg,4
ca40a0048b83352cfbefb8ed74041b59.jpg,1
94e9856fab1b33c4917ed32031ac004d.jpg,2
89728a8bc9b863a70bec590ee5223568.jpg,5
6afb2340f48d16ed8cb3979837ac5470.jpg,4
0e957c6a901d641edcbca04749db532f.jpg,5
e0dfdeefc0e41fcd3d85acf7e60d00f8.jpg,1
6aa0daaeb99f27d6c81d7925e453ccde.jpg,5
dc8528a5df9a37f612d033e8ba8c6ce1.jpg,4
d50540655befbeae87eaadf83ad7e441.jpg,1
e77071dab9a3a3b46000bfc19ce500ca.jpg,3
0c4d0073bdbc40e4951eea01cd1dcd4e.jpg,1
dc45e62c61f358f84259aaff3702362f.jpg,1
c6e05892b20839f97f4c180be0930984.jpg,4
9b030c45abd0f061062a95d19d945bf4.jpg,1
5f3109b2e1e44640c430519aaffec480.jpg,1
7a72fc85cde10894c8b740c6dde69314.jpg,3
75766ec116b34d3e5360b46ce1f6f6e2.jpg,0
ccfeae533cea2c01d06f924a3402a1b0.jpg,5
6eaec2fd4285b81f958fedab40ef63e6.jpg,3
f80d8bd0ba21ce82dd7ebc4098a9c74d.jpg,3
5c844310ccc9685b7d1013ed13dde587.jpg,4
4407a7178a0546fd24dbfce16578d2cf.jpg,1
dc8c6d069ed1ef475585a2d8fd03db76.jpg,0
4deee147f89ba469ecda1a27bbfba794.jpg,1
3c7c068bf8a737bee69ae072ad321725.jpg,2
ca3418f98072dc37ca32784098e70139.jpg,1
fa2b8428dade120a73810f3542d7e5e4.jpg,5
360599db21bfb08defc803a211389448.jpg,1
80931556c5a65349f296529a9f2e892e.jpg,0
b0fd4e339412614ed05c2405eabfd921.jpg,5
10b758d78ab81082831e436d8179a704.jpg,4
14f74ce91c7182c06a9ffe251f716772.jpg,0
d117c74c4ffa4c3fa769d76619a8c0b6.jpg,1
e607cc4c1613e5f232b75274130db518.jpg,1
ccdc42d7ec779e94d64fab504cec794c.jpg,5
80bdb4d4c5ce2bcd3c2d1d254452e55f.jpg,0
2b11138da772da08849f1ed7230af170.jpg,5
96af51676093f8c4694add5e66a5ae49.jpg,5
84a9c916aa0f735000ff831160ab0e44.jpg,2
5fa5d479588fb19d29fa64bf906f36d5.jpg,2
04fb3688ccf6a08bdd4dbe590163e6e1.jpg,0
e30481b9e967b9f081d0311d3b5af69d.jpg,4
91ab720f5ac88cd68b0a610351de0c17.jpg,0
c346f9245a94c91164334e5a5e2fe4eb.jpg,4
416f67ddea4dafd82adb01895716260b.jpg,5
95b1835644a57fc0c7254446229f7a7d.jpg,0
30e298179bdcb6458474d19be019b73b.jpg,2
c8ba3e0ec75d425e565b7c43512a588c.jpg,0
0b7b07005e81bb897ea9423e811b6729.jpg,5
266688f4647e182be7d404b2839c7293.jpg,3
8dd775a20c75fc72d65f21f4cd7c7020.jpg,4
cffbe1fbf4ade66a436a1f295a659f61.jpg,1
b16cdbaa89d9d220c56bd4c9eb5d3b94.jpg,2
b7e951c7f517635b3ef3cfd292b73021.jpg,5
3dbd5c2ed7378f286f80cde382c8e95e.jpg,4
107316cf9aa44490b4644e382184f9f8.jpg,0
7fdc1670b0df4ec4008130a526a0f7f3.jpg,1
81ddfc124b8b7fd8340c774e5518dfe9.jpg,0
4352afdb96961a5dd9beec13b228a51d.jpg,1
85dca8eea04c7badc2ca5ad074ace27d.jpg,1
789cd8b7d029c43ffc3cef6a0d966cb9.jpg,2
0af21390aa7c8f84422130e08f5c3954.jpg,0
827f8ae5fda471b46a695bd36d68266d.jpg,5
a883d315a4429cd0b3bafec4484351ef.jpg,2
25cfaa5fbf727ae8efe12fecb9a7fa23.jpg,1
b8b54b864e36607a0c499c70704c266c.jpg,4
d57f8f0be2b028841df4fd615e9660e8.jpg,3
329bfa402be52d6ba4429997d0eea495.jpg,1
7f6446e491fb95387c44e56a78612c0a.jpg,4
3d6358ee4ee75f424b5f425d93c3071e.jpg,0
c35ddae94e0b19f3f7d306a27bd5f5df.jpg,1
5f832a94f3182a5c8c0efa0f62b522b0.jpg,4
c0cc129e8d95e464f50c9d0fcf9effcb.jpg,5
a8044f973f0aaee2a4f9936408927e1a.jpg,4
dde9820689dc70f86dfb3588f2d5549e.jpg,0
efc62bd6e22489d7306f4f5a0c3d9e2c.jpg,3
1e4b5451185d63929e19c8dd3825128d.jpg,4
1ce3690b3295f5f1c4da8300d80c775a.jpg,3
a9b5b5363b4206686eb50cd7a5332ff8.jpg,3
5b7a5d96479c8bb6e0bfee106b340c25.jpg,4
251ee11a9c4284da402dc105f48afdb2.jpg,4
b14e40d91acd5a878f886d35f73ebcd4.jpg,1
037a47069d647802f7f2ae2bc0e40a58.jpg,2
e448cfe4b3a2b53072bb89d602eebcf4.jpg,2
4b1277c281ce27295536e576b80ffe07.jpg,3
72699c6b20929df32ba096c30bd191b5.jpg,4
5a88b4a29ee87062cf1abf9b68cf6541.jpg,3
16c0d3714fd91fc3faae5ac934458bf1.jpg,0
628bfc8661bcebfc379291c6b22efff6.jpg,0
c300cb72750574d0b991edc7d718db08.jpg,4
b966980d0b221810ac54a90eddb2ea53.jpg,2
31e0ad74182ea6665a1576bc6e630d79.jpg,4
511e1d26c334daa8bfec0153276fbf55.jpg,0
55dded9628290c79134024e66cb32678.jpg,1
83139f23d28b02ed97dda36437088837.jpg,1
afab8dc080d50184ab8d6657f09d6fdc.jpg,2
bbe9be2a83c3bf1e65fce11c3edc6fc4.jpg,0
72cb5bd1a1154f4af614da48ebfd737c.jpg,2
28d146f646b6628c7f3b9af555a8550d.jpg,4
f7b61bd3503ecd9d15da77ed82925d7e.jpg,2
83dacb6d68e0074d6a8ebac8614e84ce.jpg,4
d9c62d0dd207c63ae45e3b703f7f6aac.jpg,2
1506ca2d784bc125db3f8be6bc0b8af8.jpg,4
070042f5e739078f066448d72372d3cc.jpg,1
c3476bf990b6903f4d843fc49dfbb742.jpg,1
d4a05161f0131ece6b0dc290117db33b.jpg,1
4abffa4d0b63dad2d8e0edfcb6d35647.jpg,5
0c6a26d3038008cb1e55d77da1dc046f.jpg,1
0601067cd6ddde595892b9804a2d007e.jpg,5
de9c6a775068563c981adee22d587bb2.jpg,4
e31a236419f5f84ff60870f080ff212f.jpg,4
6e1f6051f87af96a1ee36df988dcebb6.jpg,3
bc776cf537b5e456b836fa098979a9d2.jpg,5
350e2a03eef31f71cac5c0b114681014.jpg,5
59a2532e50806153c87b7b89df0ec12f.jpg,0
2943a3c1a298d04370fce87c83a1edce.jpg,0
e4b3c6575d03547103a83139350ce9af.jpg,2
4fb25aa7de676395d6ffab4d4ffbd5f4.jpg,1
6812c9cd5358f696ee725e008d26d6d3.jpg,2
d92c13e84d20a020dd4f4e05b85cc8d8.jpg,1
13801dd63d04dd89369e5ea44de8b7fd.jpg,2
5697cac50685e3cdb10468f549960f1a.jpg,0
fa96a3e697095637974647df0cab0216.jpg,4
3f689ecc65cd214646c3ea9899b99fdd.jpg,0
80aa3d98041b230bd2536ae4777ae600.jpg,3
5a9e9099a45cc70a18aa1e2d4ae391d1.jpg,0
6b4a999e5f295a8b1cb1704593383b7d.jpg,0
055d94ae3b745078492d994ac0a2a056.jpg,3
030ced816e2ea515f81e616a74e1866e.jpg,0
97656853069cfd9393b53a53cfcaa03c.jpg,1
df0abc1d4938284b9e33bc1d08bdc6e7.jpg,5
00d674c5e5ddae970184446e76784c27.jpg,4
6f3d665d1ced5608b1c36cacfab2aa2d.jpg,1
de2f8402182256b56632bc12d4552579.jpg,0
1f9bec82fb35a41247b1e5bfb81c45d0.jpg,3
2071c26cca0104b01b73f7ccbffae7a1.jpg,0
908fcef67bd897d784c94dc44c2ae35b.jpg,5
28f7da82427ef31fa4fd7007a41433f1.jpg,0
1b0521135d4787220f219924b5fa2a85.jpg,5
aaf318f67affc3ad362de784381fde4e.jpg,4
41a45709b4970f5f577bae421cfa01b6.jpg,4
24e5fd5586eee2fe1d98081a632815aa.jpg,2
0fe0be9cbd021109470366db540dd133.jpg,1
a8a0c0cd64423ee7ba4566070835f2e7.jpg,2
5d575a119c967e251700c64367031d7c.jpg,1
310d9c8af380f262383fd471d9db5243.jpg,3
ceacaeebb53b87875c544537af6de3e0.jpg,0
2e6db62bcbaeb55ac7eef0e0d10e5bd1.jpg,1
e5ec0def0eb6c0f69d111590ea1139e3.jpg,4
eab35dfe4624448bba0e3132995e94fe.jpg,1
dc52b9068dd57e06ed4855e43f519dcc.jpg,5
4c238c1c1ce59aa00f4d40e5d6b122c8.jpg,4
c2b3e481c5c8d601656263c0a1a0269e.jpg,1
9baff91e5ba61740acab71459f5da502.jpg,3
1b81a2f2005c5389b2c549ac1bf2a818.jpg,5
1817ae6e63146bc472b73b3f4ba6161b.jpg,3
b5e42436bb6097969e1b8aea0faf2895.jpg,4
56e8d9d948ab5379d93f32326edd9da8.jpg,1
7053890115745fbd1b9285d2b1405654.jpg,0
767b193f3750b57219d7213d5f372989.jpg,3
84b5a8717a6f28f3776f9daaf7e55da1.jpg,5
e9ae343675af431c913f98c14baa900b.jpg,1
4e83d80ef073903a4d947d41ea518a05.jpg,0
75fcba9b23d2c0be4499b80ae3722694.jpg,2
8b938a30c7a5de2f3685369574db8138.jpg,4
0bc5289910c7e8488f0ae3eb35e5417f.jpg,1
bc9893750bb6d1ac50b36a6a339197c7.jpg,0
e75e5c3d3df4170f76db3f12eedf4186.jpg,2
d3ce3892e6449539d7231ad7fb0df96a.jpg,0
168e25c975e24ba90ded8cc363a7ce50.jpg,0
f36f35759bf127888e3e04cae0fe7252.jpg,1
145d48369d7d255eca96911ba40a4bbe.jpg,0
8fd2c5cfdd982f005833e3142acc9c00.jpg,0
8c8d0c85e8b39382bd3d0e567e4ebd5f.jpg,0
9ba08bee339523bd1a435ddd31d82c5d.jpg,2
f1da6dd99b3eddabcb84fc36600cfdbd.jpg,3
ebe30e13128d34fa1625b9bc25f979fb.jpg,2
9c25d462544dba553c49047debcd5e63.jpg,1
8cd19c56abac6e757eeaa26ad1e6acfc.jpg,1
37ee329ad6763e3eb41383aa042e24d0.jpg,3
9b93262d1b0f2123d73ebba78240032e.jpg,5
0b9c5fe4d65d390e48b5a1672a26e7c8.jpg,0
171c69c69f5fb25794d398411423caee.jpg,4
f36a92af765e5f950344d23c0f1fb07c.jpg,4
36f1763c10035ec1ecc148d9ed1a7e2a.jpg,0
5f401ab17ca38f08cec1734e47e65acc.jpg,5
86f2e4d77fa035c3185691520887fe4b.jpg,4
2e7c047164a432f11600ad65dd4df668.jpg,4
e17c8abe96f7f71a8fb2d7a9fd1f5ce9.jpg,2
f223a11e0dee265f51dc294a103cd693.jpg,5
ebb1dc761cf727e98d08733359ea2786.jpg,4
b40f0098593e6134a413e436153579f9.jpg,1
1a6cfa2fdb8d4a17eadd6e5b441035d7.jpg,5
c484797fba001718031bbc40ddd61990.jpg,1
638d17f2dcdb0d2b61356e854425cdd0.jpg,0
31bca0b1f82b81f2002a4c4d4c858724.jpg,0
ab993270081abe097bd6d6f2323527d3.jpg,0
28682cf4e196c71e0cd7b72738520a62.jpg,5
192d5da18fb5f930a118b92c1cf7909e.jpg,4
a8656d6018c571c8db328bc975fda205.jpg,2
7e77d7b009bd0671f8502d9f03744da2.jpg,1
30818985b7973f1cdeb6fa2d816302e8.jpg,3
ac68e42d8b176e67e28ddcbff7c15048.jpg,2
5b05c0307999b8ba567d6464e1d6cd46.jpg,4
d973edb028d79968481eafba41387ef4.jpg,4
8c44ed349aeabd4ee83cac9f0fc6930a.jpg,1
7bcb0abc88a476da6888d5f13e1b01ef.jpg,2
d4a3c666ff3af2e0b45ec286cd5c4564.jpg,4
30872c8811d63edd87bbf564d2ac6c75.jpg,2
fbe4e9b7cf02f40097d52ae8e0224071.jpg,3
b666e001a7c5f0718e10173d8fb36e7b.jpg,4
dfa69436dfa2b338b688179c7f5ad325.jpg,4
8e91be66477ac5db61c19329476893f3.jpg,0
ae44f951f3f58ffc2e780f061fcd8772.jpg,2
fb9bb363c72638984eb3ed4a61f840ca.jpg,1
ff4b3f106f42723ae2dffc372c671557.jpg,3
0af2dc268b7a0c4f4212ee9e9a1f69a7.jpg,4
c0208a6d44a5dd7c2724242b47f82369.jpg,4
de85aab8423d60061712628facf920b6.jpg,0
3b2d2cf223067a7adb6eeeb2b2816019.jpg,3
d30e28d020630e302a9396f9fcaafba8.jpg,3
19ef77fe3d968bcf33b19079a77a375a.jpg,2
a48ea137c218eaab649f69d275f3c579.jpg,0
2c4bb9bb85af1aa1ffa1e7f64666867d.jpg,4
0f1424f6d886a7b9a130d304552ec48a.jpg,3
087538d432742b3c3b731dc6a69aefd6.jpg,4
0ae5f421303636a97a85c0ae7240111e.jpg,4
63a52b16c850b93ab256749eefce600f.jpg,0
773b3ed6e3402fea0f593cdccd884b20.jpg,4
809a5a970f940601565739a65b831cfa.jpg,0
88bd69dc903da9e527d9e39602c6043f.jpg,5
a4d12da344646147a12cc744c338a036.jpg,2
4fa25f5806ceb568fb680a3eb31a2e52.jpg,1
ae9e8dbd1b3c10a969725b64e67f3b42.jpg,4
02678ba0c5cc84d5618b57ffcfe49e0d.jpg,1
b35691518a4c0e89fda852a2794d16af.jpg,0
18bbba4eeb6fd4a68a33c09e930c4bd4.jpg,3
d4981f1c5294aac21da636eb55a70698.jpg,1
9a4019c73e7222f6218d9c6f9734a318.jpg,2
8ff0ee76117da840d92f14cda4e44c8d.jpg,2
0497431168c8071c2cd8bbca2ac815f8.jpg,5
4bc343a6c5bd4b06668780fb987ccf78.jpg,3
8ea592810c98491274d9733d3faff1ff.jpg,1
b36eb55d921c9b48bca2ddda4432de6c.jpg,1
67103796c66bf04ef29161d99b29c2ea.jpg,4
407cbaeb909f04b8ad9d8bbe7b984cad.jpg,2
aea8cb498ff081b5b21c9398ddf872a3.jpg,0
b0245917a03ad3228a08f337a2d89680.jpg,4
a1b68ea4a1bf71ede9cc60054cd9a068.jpg,0
e4dfc612f0e91e36f1a7a45ad235ed74.jpg,2
5b3da6080dfae99146286dc3acedac98.jpg,2
af576f57769ebfcf5680976087157d66.jpg,3
7f7c33a7f675f75d575e4130b803fc6f.jpg,4
05ac3a247bf5f0262d61de7cbe3cf7aa.jpg,0
342b767f5a0cb38e719c1ef12614bb30.jpg,3
b1b8a74cccd2de72112ebdf9646ff794.jpg,4
0c84fc462210c23ad7ff173ca9aaf75e.jpg,1
f74c25d243da99dcbc439000e4c9d575.jpg,2
848c461474e65d5ad50c44e1d2243e4c.jpg,5
e428b6d525f193061142477bb97f4409.jpg,3
338a1881427dc513c3095706a7db9b05.jpg,0
3d7f8fda12626714754e24b8fc9af4f1.jpg,2
c7bcee43c6b6ea165c0ae4a9d7654897.jpg,4
7ac74eb0736862b0fa745d79bfccc582.jpg,4
a2941303405327d5cbc2710054a81c93.jpg,4
553b6acbed1523f61d2f0ed3bb91309d.jpg,1
cc45581555ef5a8441e1f8aec4846b66.jpg,2
77acd224f97898a1e9be34d76f33629b.jpg,2
b8509a69920fed78bf0f0edcb120c857.jpg,4
0828146b420fb920bf5c36e52c9ed192.jpg,5
789dfab84240a845d63e229e5c14d03b.jpg,0
12ae0c51296ae83e5fdbac1ab4f0954f.jpg,4
813a6036148a3be60ea40b13bf428db8.jpg,4
2d71cf898ee519d88ff77217b83ae29c.jpg,1
717eb3f6f905977d52e279022a96701f.jpg,0
20f58b34dfa535977872c1efd2dc887e.jpg,2
cf9cf5ae5b705823f7634654f85ffcc4.jpg,4
6f7f440890c36f02bc6329a926f78927.jpg,0
cafea8052b23f1ff269cfe92e1ebdf20.jpg,4
76fb22635d4164a372ae89b3314a8152.jpg,5
28432cda8a7e34a346ed6bf2846a18d3.jpg,4
3326cfc04ef97602650aba17f55d06f2.jpg,1
f3cc2a620e60e54f380bcb6d7a082741.jpg,4
d87b9ccfeccd4ba440ad6fc66126c693.jpg,4
b075850b8adf33528c82a196c9246742.jpg,1
01b6e4c7b1efffc25e9ce5633d526075.jpg,2
1e5ad4a44f230cbd24c1503c77385c01.jpg,1
86db0a35bb54d1b3f9d8f248c21e0a92.jpg,1
f5107d517b3027619f303e934d0fd38f.jpg,2
cb65e82ed8778e180df8284b008a1bab.jpg,4
479c775a5eb37141e23b336b704ec5a4.jpg,1
0f1971ab01a642a345a460b7f1dfee2f.jpg,5
d234d7097eb2d017a3a10450f94ab301.jpg,0
6253a1c192d37bed46d1dbd1616e2c59.jpg,2
6fb4423d5f66fb14f37ba1da7afef38b.jpg,4
e6afbbf7065e9a10e2892dfcf9c42925.jpg,5
8d760dbd7bcd69ef4e5d7cff5ba38d04.jpg,0
639539320aa104856c19b38f85d3e4a4.jpg,4
35c6f70becdbadb95f0a93e98615d2df.jpg,0
8c7786d5e357ee6c88da00f0bcfa285f.jpg,3
5aef3734a9dfc4b49df1744b1d09e302.jpg,3
5459cefc60a332b197f97c11c87fa262.jpg,0
c4f12f62f99519a1de0cdb4b3437cc13.jpg,4
76dd4cd41795869ca27e1d2fc9bc847b.jpg,2
1d2350de996ae466bda85a17f019e7a4.jpg,2
d92fa17ed3e5653c8c9114a370484a4e.jpg,2
dd31287fda0c1f17ab92f6357e6feafb.jpg,5
1720f62452d38b5c53572786147ce6e7.jpg,1
ec5f7faa3d6fa2c57fd77cbe8d1b6a6f.jpg,0
bbc18c14a042c7ccc3655ed5c2d62c12.jpg,4
37bab978ea829fb3a7766b74edc0cde8.jpg,1
3e68d7b9ef5181cbf1e4010d507803b1.jpg,1
d245660c89c9a48c00a1ed035b406545.jpg,3
f04224edc29755722e7c4230c7794711.jpg,0
a019b3e37bdc00df3dfaebf7ba3568bf.jpg,0
bb62230150536abcd08e54a3a11aea8f.jpg,0
bb77b974766fc552e10ddcd090eff3db.jpg,0
ac4b54b47c0c604c2ffc2af510d95065.jpg,4
fb6076331b57a3210f709a6754e6a000.jpg,4
9fa44ef1fceb64967c8b6f2f38e0ff09.jpg,0
be2a9af7c36684dd36647b55f5d4ec66.jpg,5
15cdec4a1e3cdcc8744be592a41b1d33.jpg,5
aac23ff73e3c17b9c6fb80d8883f2074.jpg,5
733ca39a0462433b4cc5350afbd380a2.jpg,4
2a61944f3be39684a307fc6b4276a0f9.jpg,0
cf9baaa4b167164fc19b81f68d838a66.jpg,5
ec9d1a841eeb0a79f160f8d50433758b.jpg,0
54b431a699eafe89a5565c54c162f6ac.jpg,2
db0d4cb839bd89ebe4e0742745b8d0d7.jpg,2
dbb0e5f455504840c8a4aca551a6b71d.jpg,4
f9fed38ed020f3020a30f12e76a9fde5.jpg,1
1111c296df3ed08961d5beaaaae707bb.jpg,1
33ef7d9e0f0c14b22021e7ea59ba2c95.jpg,0
ba9daa65226c1e35b0184b424503d18b.jpg,4
d14cdc70353b6e45e0014d2661bc8795.jpg,0
8335694425acd4511817975200a12082.jpg,3
fb1aa7488e8b56f77c038f31e2e51a97.jpg,4
e61dfc2e987fbc3f9c7170994897ff1d.jpg,1
9f55e10ee7127661a17463b3957e2bae.jpg,4
3e618bf766382472de424c465ac89938.jpg,5
54a1b33d07314c201a2936b8b71b614b.jpg,4
c476f4b48d9babbabdcb1898bf383bee.jpg,1
5f54757d65232b0e74799081763d837e.jpg,0
561e25394716489ae983663612ae3c84.jpg,4
453f16bf30715da39e1e5b062b0914bf.jpg,2
e1a5a66c40c01022d6226c1ef0010b01.jpg,0
1d00510e656e35a63fd6a0ef5b79e9a8.jpg,3
902c1926e105bb0b50130efcef1dd539.jpg,3
4ea6177bf307439380448e9bfbadc1ab.jpg,4
bca6dffee9edaceec26a74cc4f7c2ca0.jpg,2
792de33bb583b85c05cfb8206d4f0811.jpg,0
5360b760c917c616792b7b4511b2658a.jpg,4
871c467c0ff29c9ba1bb2675f900cc4b.jpg,1
cba0508b1b9a440b42ae208c30740047.jpg,0
408dc6fa17b60e2dc62f9cf929834c78.jpg,2
6f52c1345694e23f5a6b5eaaa042720b.jpg,3
abb6263a21da35fc2691ad3447e93fa9.jpg,2
b7b204958c63555121fd826347f1f4c8.jpg,1
c9ee17c063857b69a35b9713dcfa6e5b.jpg,4
b22975683f08cdb239a7d1d16cc35a1f.jpg,2
c1c6132cabb73e737a15988151787c0d.jpg,1
fd9c43bf77968d639103a2cf37e227ae.jpg,1
cf09a7f3baa3ef24b1f9f59ec68fe08c.jpg,3
3b73073e625bee0641dcbfcab90eccb5.jpg,0
6f28f0e1758bce22e8a98439a30e5746.jpg,1
bcd944906b730e763355657435faf299.jpg,4
d9c036fef578c9c1e70a6df9792ed1e4.jpg,1
bf0a64baa30e1ed277441402583940d6.jpg,5
cf3ac3067d22bbe6f2f79f325fd34fde.jpg,4
df3e4ea5e98ed229fbe8cf68c57a3709.jpg,5
68916e440b29e91a2d9c75134e22f686.jpg,1
98f60b4072ad756ebf13c6a06c59a141.jpg,4
8836ba0af082455ee9ad65a8537e35ff.jpg,2
189ce94ac292adbd0c823c0dcd94a55b.jpg,0
05bba18fc80ec98bec893694c481795a.jpg,2
00b12f5973eaff39bc7710b5a198cf09.jpg,0
a4b5076b106a3c1eef95a4ddff2a0363.jpg,1
ceb5550ebc0bed1c1be122e0e8bf34c9.jpg,4
db17676f0f5626834a4379f9dfa531cf.jpg,0
3e4843291fae9b7af6a2a6f5ed0be9f6.jpg,4
360d1328077b894f31278327cfc3c88c.jpg,1
1cb8d349b2d6f145316ea284cb1107ee.jpg,4
bec752db162d789c43b92a004ac90ced.jpg,4
b43e2bacfb6ef68270893c4cf714949a.jpg,4
e1c2714059e96f4c2a2dccb2db8e7adc.jpg,4
0ac0a2b3dbb46bc939370d873fe7c794.jpg,2
b7261afd32490ee2744329b4fb76c9a1.jpg,5
4d6499ae6f31c41d7f2a7332682ff187.jpg,3
e3623de5cd2587913969f9cfa8e22a08.jpg,1
2cda574d534f2aa0f4bdfa07b740a4e4.jpg,4
eea92aa686444b695aa86f39163cceb6.jpg,0
02882801ec89e7ed072842cba723b704.jpg,4
c9276a7a4b0366e3b0a050f90a15384f.jpg,0
bc2c5d2c8c7234500a002076143308d4.jpg,0
d839fdf08756f500c686bbb143915e90.jpg,2
a768737ba95dbed1f986020e8cc3712e.jpg,1
2a43fbc125aa468e6a5acb0270fb3668.jpg,1
d64d9ff8ae3a580e5e0fe2735fc0e9a6.jpg,0
af573aa25b53160c3e268b624d2552d3.jpg,4
56c9d1eba8f5b1619b71764fef5eb006.jpg,4
9517ebeda2b94955d2b1299469d9c4c8.jpg,4
b134d3af12a11454a5db349ffc721d08.jpg,0
61208a17360f9a3951f7a0bddff1b767.jpg,4
5f45622fcd016d15c79570d011ef9a19.jpg,1
03da658d8483267223fbe2c1c6af7875.jpg,4
55e2425dc8d792dccf90c69aef457f1b.jpg,0
dffcc470222f6a3d646d756ed50ec8c4.jpg,1
062be9a100cbbb7d44fe4031ebff7114.jpg,3
459e9a0e565549647bcefcabbe6975d5.jpg,4
2cfedc2d30637383ee1a71d3073e1c08.jpg,4
2f561c07ad6289b84566e6f7f4b9dc6d.jpg,0
41ed252ccaa5a77d37c587abe50a3464.jpg,4
fd9b79141a738458f983dcab622b7e98.jpg,4
a0284955f6522f2e305263ff1ece90f9.jpg,1
74428e6ca17c8a41d5e1f0d772d4fe5a.jpg,0
da874a19983d2c3b16b853408880b4c4.jpg,4
3eefbd9db3d1e9b469935941b7c80811.jpg,4
5ff96dd907e2c5e73d3591455f666ca7.jpg,0
320f530b7078b8ed34e367a4c7676223.jpg,5
2a51da8ab2007fd30a6af007182d500c.jpg,1
4f52623e902657e362a1a907588d0d85.jpg,3
884ad67b07214e5b879ecf5e9b95000c.jpg,4
73cb90bfa3494fdfe537a4bb0b127f35.jpg,4
346a8f3fd50087a16230296f2a270618.jpg,4
ea91a288ab8ad71736e2610d384800c7.jpg,4
134f82fe67e10ea73ca3469565ba6caf.jpg,1
cfc521a396f24f404d0959311d253105.jpg,1
5ec44de8ffa4690a4871311a4a2f8818.jpg,1
29b390fc3687907ea29aa73b13dfd50d.jpg,1
3472d26be5e8dbba06a78c5bc9663e5c.jpg,0
dbc2361299465bb1131f25023c4ef912.jpg,2
8cce202e64da114b914c318a8774b3aa.jpg,0
acde8be5df04c10cdf2ed98c3e856d79.jpg,0
23f1abede9bda6140c3e4df4173ece8e.jpg,5
38cc0c95a979bd6fa66a6db587a91b59.jpg,1
c6efa0dc11e32c7626d5eee7149edf7d.jpg,1
4d942c0758611cd907f1004f061942ec.jpg,4
01b2ffa51060f01d3f42c727291092fd.jpg,5
62293b77f42f114454d5fd79cdb2f0d0.jpg,4
14c445eb7bde8b1095d92e22640cbdb6.jpg,3
fa85782f773bd381db12b9ac3c1fca70.jpg,3
136004d7e1a446e0f094e4105f4011b0.jpg,4
0ffa0d312a300d11166a4d44e869b75c.jpg,4
c476d25ef844f93d0bf06c7d1404aca4.jpg,1
e9e1091d9a5c6d4660455dcf7762b0b6.jpg,1
1ed933bc3e2547e2de1cdcc9ec9fe395.jpg,4
03c104fe44e0322cead2f3c29af92422.jpg,1
9877e457cdaf5d32ae9fe13eb0bddca0.jpg,5
2db20af28db0be417ad3c5725cb19ae6.jpg,4
07dc9fd6451c1296c1ce4483f14d8ba6.jpg,4
065599607e9ee5574b8fde7630ba0a7c.jpg,4
5d21adc6a35ac557376b72bf16f49ae4.jpg,1
6cfa92ce8130ef697eee14f669bdb305.jpg,5
a8d084622b064b3f2b082b36bc1b0121.jpg,1
5ddf4d1076670f43e77ff16e75148f89.jpg,4
4082bc404a491bf932f0f6e9e335edb5.jpg,4
0daeb3f345c49bac95789027727332cb.jpg,4
29a761be2aa074d81416e54516c7c27f.jpg,4
6642d6276405e8411cf9dd148246be25.jpg,5
4ce1a5927ca944321776fa7b80881364.jpg,0
af64d02db3ac0aac68c1ad122065d659.jpg,5
c4a8d9db48aff8b401b33bc3556f0934.jpg,0
849bbdf6f3c0449171a0e2f7defa77ae.jpg,2
cf1e1998cf3141ae3107446ea5d41d02.jpg,2
248c433f8314ae3c4df225dca521cb67.jpg,2
0a098ec87d5dd19d313df1fca353f2ab.jpg,2
f55b9636d699df9bb9580c6ec54af3a4.jpg,4
17432b90c065c2fb0c4f56eb88ffc23b.jpg,4
2ec22a3d4f0101c78bb92d08e002e75e.jpg,1
d842e8f44a0ba35037652f9bfa6cd2ba.jpg,0
5d3f4c8c4d7d30ceb92ba14ccc14bea0.jpg,0
2152ad55f2fc6f1453906730e91918dc.jpg,2
e83733022bd320695984920988430cc4.jpg,1
d4ad9d9cef64b9bc3eb1210e138429a1.jpg,0
51d130a26941e6233a6de73320458807.jpg,2
eb34a2e704ca13d8e757158aba6e1fd7.jpg,2
ba5d46ffecc70db874f095c47961cea0.jpg,1
b8a25d9ead46c956d8fb6a6953761a79.jpg,3
c8b8a7f89d459fd3bff98573aabf5463.jpg,4
8f59b51af37102fa380c3db3d1fee730.jpg,1
0efa02fc85bf5a03d1ea1ba1555a97f0.jpg,4
2338dacc248a2cc12dc18a9d2dd580b9.jpg,1
f4fe68131862c6928cfd602e81aabc19.jpg,2
d3e21ae044dbdc7b17731a98773353ba.jpg,4
5ea0681f1c75288bbfb0aee2d458868f.jpg,0
23ebac827e381ccfc819b18b81f1f318.jpg,3
df6a9a63f162950e390a013948279d0d.jpg,4
743996a793b69f4c637d493760e1428e.jpg,2
30ee3820173159b9e89bc0b7c1fc53e1.jpg,2
b574ee4f608570e3c857e5883b7ca2f6.jpg,1
865f7eafcaf2658cee40ad76ac59e0f1.jpg,0
1fe263f433724eddc73dfa4908d0b9ce.jpg,1
ccaf6eddf0cb671bae8c01920697a538.jpg,4
6e0b34dc2ee421630cc516740ecc7ae4.jpg,3
630b73b6b9a0085fda174132006c3df4.jpg,0
656e302d0a6ca4b0990d18bc9fc8fc68.jpg,5
ad51f3a7b5b2b03192b7d0c22351af95.jpg,4
bceca489e068ae04eea6a987552e3a6e.jpg,0
5e6859d81009b31acb859d5dc8e3ebc9.jpg,1
cfa03fb22efde6aefbfba2bd328603b0.jpg,1
0d4b90a5598d6663daea73ac820858a3.jpg,2
5422e0e31c06a08bcd1c006930e95e79.jpg,3
620850fb690d4ce0e7058969ceab3af1.jpg,4
b31f27ca7822ac1a7ac9b52071665bc8.jpg,4
e8805942a04b316c5ea5690dd2fbac25.jpg,0
0a9ac947270a26e5c2d0fe7dfb698cbe.jpg,1
801f194148a6889de5d4579ae499f785.jpg,0
8adee56062e84255b665a8c7778817fb.jpg,4
51ab0b8cd1bdb82680a13440125d2c2d.jpg,0
50a93ec30990e13e559e55560333f558.jpg,4
6acc5ba5d7568dfea3f5175f77aba226.jpg,4
186adc06cc3b5a82be24ff1f16de97a4.jpg,0
5c286638a1e909d50819294aec5bf89c.jpg,1
8a27a7cb09cec931250544e55681f4a3.jpg,4
1caeaa25a5f92e5ccff8e936d1de7201.jpg,4
d8d3c4b5872fe8d0c57513e81bf40c13.jpg,1
428d5ebbba6056678851485358be36a5.jpg,1
216b6c6cd6c03618f5bf20be026a7665.jpg,0
b34b43c8f056cd86ea8b6a7f6dc8a66e.jpg,1
ed4750919a72e0470d1a43e362534897.jpg,0
6914c72d24edddc69927bd732648f88b.jpg,5
bc34cd9164113b34fc35e2cda80c1552.jpg,0
bc8c143eef89831cdcc4205d3322ac67.jpg,3
51c8f0e2f061261168b8150d1b437725.jpg,2
d1882712a38afb6ba067c379de34281e.jpg,2
5d522985e300d9f6afc8ebb0130ed5a7.jpg,1
88a344347b52ff3ad531331be863a7c3.jpg,2
41777dbf4f329f028863aacf158831d2.jpg,2
101bbc2b34009affddd9765eeb3c9062.jpg,4
8318691d386f3300c08c39b158d4e261.jpg,1
16d57d5b69ffaea8b788b36ab44be908.jpg,4
c7d5c9cedfb1dbb013b487c49971749e.jpg,1
3a8797615ab3c4576ff5098cf22644ba.jpg,1
6fb7aca41f00a08617b3865213c1011a.jpg,0
72c302c472dde440542fbd405c253df6.jpg,4
c2023d90762254d5f0f538d4c97774ac.jpg,3
92f8d65d0dfa29ce75f78af20be79681.jpg,2
93800d8b356a00ceddc466c84f3bb924.jpg,0
5ddfe5327e0efe6927143d36112a6a16.jpg,5
769abc3bf5328f0a78477cd078a781b2.jpg,0
15a4b549fe274d6bacec62b4a42a99cf.jpg,0
a6b26add78c563dd585770f67fa9109b.jpg,2
22cecf4fbf3524e6faab416e93dff822.jpg,2
ec0f25e002dc4a2a2b705765233732b9.jpg,1
837cbd8d1350203d7233978676ec741c.jpg,0
335a7d825c0e88fd2614c4646d95f77a.jpg,4
0ac7dce41b6f264de2ddf6259425dd76.jpg,5
3d90b4b6e17d01ef67a7f51816f96e3b.jpg,0
e6eb71b3a1fd09bb2bfdf6c66a54ef76.jpg,0
96b9f13ca984ae632ac7e6a2b0b57b0e.jpg,4
5cffc5d32b8b534164468778a236ffd7.jpg,3
63ad779a39f1ef66d94edbe7c30ebbd3.jpg,1
c1544aa1251d7ef8556548cc6f72a975.jpg,2
10ac9817fc1bf0e5acfb36d49b3c1018.jpg,5
79501912ba70b8ff6be1d50ccc79e491.jpg,1
b0ecdb4c9f5ce17e25201d61d7657b29.jpg,1
7a481b440762513cf5c06c6433df4e50.jpg,1
072c5aaf97ab102672ebc5b38f5908e4.jpg,0
e1c0d833967f53737ce4fe9590772279.jpg,4
ee3cd0e3827f4e9d3fa109bb529ad574.jpg,4
a60038dc1120c508a5c92be0b37bb58d.jpg,4
5b0cf41bece0e711c3ccfd0db0ed5c09.jpg,0
ce6aa06713c0db9da5fc1a121d7ada57.jpg,2
cd9d6e88abf9f27f51ab039a66880a28.jpg,4
6f8abf0af355c72a8eebd91240dbf686.jpg,0
35868cfdf6b4a22a4833d04a6d387f19.jpg,4
2ff597e3fff9fe62c6202cf44b39975a.jpg,1
33ee514f232a52ced713028c5ead9383.jpg,1
3103ba91d2730e6cb8095bb666307b77.jpg,4
22d080090c8299ec1300163a00a3fb6c.jpg,1
f7ed12b31fe833557647905476a43007.jpg,4
7d6d2b379b5742d66bce9f7cc092e021.jpg,1
5f22912a4a81741b94d4d2cadf2ecd7f.jpg,3
1e8f6820c00d5d72ebaf0abfc3320627.jpg,5
9defb06e6dd05ffc6c21852e03403540.jpg,4
fe31a1834ce5b915f867621cc1aff60c.jpg,0
1d0a777ca6cec2adb3d4ed3d9b213980.jpg,4
339172a9e92f1ebd5aed01a76b31e543.jpg,4
493c7d4d915f7705d2e9ba35c362da1d.jpg,0
ad9f7ab1a02c4e7232daea8bf6271223.jpg,2
72383aa548efdf88e334b9e6d2123fe0.jpg,0
835b06c15542a76d39dc82100c3f0753.jpg,5
7ce5ea3f9e8f2d4ff20803427f9c8799.jpg,1
2f64a53c74a1fdf6e075562141aba9c7.jpg,4
2b2e0ff49d9eaf75ba2322ea9316ffc4.jpg,1
7edc2ee0c32b4636b23e6493f1b3be79.jpg,1
5ba2ada9ee8d66f8b176d86b982eab92.jpg,0
27a193e34b0e769db230a0674493a148.jpg,0
c0df39a5cef2838eaf9b3f3c1b383cb6.jpg,1
388248fbdca07d45b473981a2bf54658.jpg,1
8f76dd55deb44c2bf7c7e76d69dd1429.jpg,0
0d2c1a7da7d43a05ce3209cba7a8cff3.jpg,1
61fc51b3670d251a5d85e1c763456e57.jpg,2
0517200d143a8a68f70e1af7a1606972.jpg,4
2053b96a089bde43e368442ca418ee10.jpg,4
7b5959cee0db40c671501654c027251a.jpg,1
efa59a6043effda11aaa4573ceabe18a.jpg,2
33d4e0e5b5a3a7cddae565cfa1318c57.jpg,0
d6f0b21896443d01a44d5fcd7b83754d.jpg,5
dd6a2e039f6cac66a12c44b89380fc1d.jpg,4
847214716faad6b5a5dbf4ed040c6c9d.jpg,4
9f7f408e32cd19129b50541d15ae9d0a.jpg,0
e22d4fcddc338f3362c5dd935b201a0e.jpg,0
a2faf3e1b9c7192180268b0d14ab16e3.jpg,3
a09d4c5d1f18c5593bb7c0b7b1483243.jpg,5
29f2d817199d7df2e1676eeab2bfef4f.jpg,3
6f1c386459d34f7e6b2745bd7f71bada.jpg,5
04dd55899c0e04d7cb70fe4d357552bc.jpg,0
738c0268c1302158485d91d72ea25895.jpg,0
f8faea11f90b6c54661e536dbe1cd6e5.jpg,0
bdc213e8f9f2baadb9ea63f0f78b8b44.jpg,1
1d549fa39d1ec4a8e4cd22d95a8badb3.jpg,3
843e3d7dc0d2274c0567cb7a5c1ac2ce.jpg,4
131e88f5c3a693259c40e39b4be1b971.jpg,3
226f405129d56da5ed1e38fbf5bf3c15.jpg,0
b141f6de874b80bf08bd5b33bb27c94b.jpg,1
0bd9198830cc6989c27727fc1c8077cd.jpg,4
b4b34e59090cde786bbd29b018a62c17.jpg,3
f9b693e42021646d842e1cb969aeee12.jpg,0
05f2356ed75d308f9c9e81ae0223fd0b.jpg,1
566dab2fc7a04d82842bf23ee26508be.jpg,4
e18fd600bff9636bbfa9fec1db097008.jpg,0
1be7fb46d6972fd2ba1ff88f7eb0d35d.jpg,1
33c7ab9d120f9a2b40dfaf3a2110e3dc.jpg,0
ae78b6c968ec5f956638810ab3019295.jpg,0
70e6360fed2e23a663bf3cbede230455.jpg,3
7bad4cfd982686217a8ee6b69c524d59.jpg,1
64efe6468322f8b780da591560933c77.jpg,5
206a73b888f0e6326b9ab494798f951a.jpg,0
361880d661ec1044f927ff83f7370912.jpg,5
39c25cca9e1ecc6fab093977ad6fd54d.jpg,2
a86e6804c1736adf12d15ec88bf5a37e.jpg,5
f0eb76e3b62e9199bb00f6728261a667.jpg,4
9f780c72d3253e49f235f2810bab7a1c.jpg,4
b3ba299d58c2bb29d27b131e44e79350.jpg,4
93c2d34f34cd5d13d2e0833df53fdf04.jpg,0
466d533ff66f96d333f652eaaa24fde7.jpg,2
424363ff4e2fc38de3ed8be858a50e39.jpg,3
db34fec58109e4ec0d88f55a7827a210.jpg,2
614b5da821da85f6272fba6c1834de9e.jpg,5
01e6da3300acec00cbb638d3e054a674.jpg,1
d17bbddeeac22dd6f61aab9d9bff5107.jpg,5
9a1cf1480955a5f8815eea2455cdcc3f.jpg,0
65826d70600fc890ecd0339ad55af8e9.jpg,0
485f6444065fce4693b7126a109c2111.jpg,1
d8fcfde1eac0a281d23fc6d809ceceea.jpg,0
15ccc001968b22c401bc114dd16edcd8.jpg,2
063f9a6e847f28352376cbd58a04d3ea.jpg,4
b2a9c468fa416180c2184b1f2e691375.jpg,0
8836f059d2cc8dcbdeda47b0ea2195b4.jpg,2
fe8a9c209d08e138c5ed6cab4ef0b09e.jpg,4
d13e241fd3234657b8ea18f560b41dcd.jpg,1
1e5f4d8312b1ed0ef5460ac9f10fbc99.jpg,0
d90fee4a754f127545db3b771c7798c8.jpg,0
cdb0ce289a53aec05200011c6bffb199.jpg,3
818ababeba5d507613c3438c93f65395.jpg,1
a9c3faafad11d0d8f368c7c03c1ac1c1.jpg,2
e8e3cbe201a66bacacddecd1fbd4ab85.jpg,1
5dd532a6279c09a3579dd2752d2413f9.jpg,5
922c8c607e51271a9b9990637633f448.jpg,2
326265dc8eab105b29d0a494c2f7ab31.jpg,5
b6fe000e29e2935095430405bded0d84.jpg,5
5c7203df74759692dc9791a414b7162f.jpg,5
14d74300d1a43d5955a0a57ccbec1729.jpg,5
d891bbbda16541fc8e628d4313d8f8a5.jpg,0
c997a1a536d1d03ad396ce5a7fd3dd25.jpg,5
385f97824d5ba1e32ab11c367d75edfe.jpg,4
d0e30a10b7f781a6a78d609bf3ee0189.jpg,1
d44078875a78053d5f42afbde635f9cf.jpg,0
f4989063c705897ef75b28034739c30a.jpg,0
59878e6a418363ec05c2e154a7acd81a.jpg,3
c853e0c78a54c6d602849a71193e29d6.jpg,4
9d684dad11f48eb0bb7bde70b4c49aa3.jpg,4
2e142f62e64eafba1f6f37cc5448868f.jpg,2
a53baff2fd2f63ff67ba8c6327019bcf.jpg,5
a5100757cd9b1c02b5af49f0da34b3e8.jpg,1
09960cb6d9a47b350a434acbe4dba93d.jpg,1
ade22fa1771bb4497b89505a85fd2dcb.jpg,1
362a92cd28ad432e0a80c4bf1f0a3fb3.jpg,1
63dacedf593c05f25fdb48a58ec04832.jpg,4
67743a1ef81640f8da1e2d587246cba2.jpg,4
791bef031e6f550fcb949a0cb84d75b7.jpg,5
3b0f40ef6c1ea03320ec26a8824f0f1b.jpg,4
7fd5b0da6b8bf86cb3c1534498d5b159.jpg,3
dd76c3cc25acf81e0086fc7b4717933c.jpg,1
ce3fb8652f39ee1c6bc202ddb5404100.jpg,1
806d2bb298c3bc3c2a65afbc82233b4a.jpg,2
365b9b1a56230e8c8ef2eeec6fafed67.jpg,0
db2692d4c6aa8e7d1cdbd538d4550fc2.jpg,4
b4c2f78c69f8a66dcf604f872e546748.jpg,4
756f3bd167bf6b5cefd81d473414be9f.jpg,4
001b61974e4123678e70d8140383bcd1.jpg,1
1eed46f0df4909f9c13cb04dc743c141.jpg,1
33ba10a18b2b5b7be548b919e4f0bbb8.jpg,4
877b5265c8a08fc65d2b05463c01042e.jpg,2
bf84eb1760074163c922d6d535e555b5.jpg,4
863650673469c4d5c906536713be6f95.jpg,1
e7f78c8732eaa38ca43fd5531750b87e.jpg,4
0c67c714633d44015d9c66db8caa01e2.jpg,4
eb6a313e4616a26ebef14e940e73b9a7.jpg,2
860656bd6e0cb8ca495e320eae440f5c.jpg,3
6fa669ace486521b0467e42b85d32d96.jpg,1
cbcfed971649857625c15d6b7ac39e19.jpg,4
33867092da5a0210ac9f3456724df5df.jpg,2
c9ba1d7f50283712b4830195657bede5.jpg,1
7c78444af3bb9e3677e853e4c2f34df6.jpg,1
da91768945c61ab464613adb29cd1494.jpg,5
f4b9a77180555044a51122c34d41846c.jpg,4
d813bef109e706bfab33c442e9962d01.jpg,1
50d5a9a8a48dea7591630daad83b4fe7.jpg,4
9e61fb3e78fa6e05d1ab4c86900dec58.jpg,1
dcc5e7527b22b72d0d07f0cba1fa1fc1.jpg,0
463d162f60e2edc2dd6ab5106b153d87.jpg,1
c552cf1646d8ac4bfa63c7d92ceed8af.jpg,4
81e95afefb3a9031d9d75e3afe5f7fa3.jpg,0
b1f32323d290fdf026bb19d6776fdff4.jpg,4
4110d34b4ebbd76d3da656e659f3d36d.jpg,2
92d033153e1dfe9b031595814a2bfbd9.jpg,0
0e059cc60662689d0f4a8e4dd77e69fc.jpg,0
d264727356268104840cef76e2304daa.jpg,2
6107cd6641dcf226bb85bc779788fe6c.jpg,2
691a03a608fa40739a99665d71fa85b7.jpg,4
16f1de67f32509197797d1c2f5ecc34d.jpg,5
b6f9cf4dd23440bc6dae46c15c34032f.jpg,4
3875ac5cfb76d7616173b0f42921c714.jpg,0
dd6445a6cd154f2c29372402961aa11e.jpg,0
2e7c663394140084d8bb66a76a77f7cd.jpg,0
cd1165c0ab76c0d53ee37ae3804d8d17.jpg,1
9768b769811884fdeb43e18d9e9af95f.jpg,2
73cab0116c51064fbd5a94c8cdadcaba.jpg,5
6c3f193bb9c6a18fda904e293b51f5a2.jpg,1
af2cb09ece3ac22ca23b0008ad3e86c2.jpg,0
6d39bb1b5afb974f02090d94a59b1b1a.jpg,1
b2ec6208123239c34f4ec994ac98545b.jpg,1
5663e5255cc409ab401a5a4c9c203128.jpg,0
6c84bca18ab45976f81bd8504050d7c6.jpg,4
f38546b2c9f04387a32c95561ef151f9.jpg,0
3543041df33087df24c955841b9cbfd8.jpg,4
76d19a3e81d13006d5ae5d63ddd98418.jpg,3
f09e1aa689aec74103d7888a81b8b5c1.jpg,1
5628a057b19c61f99f78de2f82bcbcc1.jpg,0
3091adf288f91aa8f44133424f99f3d2.jpg,2
26e0f91a2820832963a13b45be19b18f.jpg,5
b4b74012ea6fe1a0f66c084cb42b7515.jpg,1
850d729710bbae1a5a6bba89ea812215.jpg,2
5791026b8f183aa58fcc19f6f749112d.jpg,1
86cfda1e78f7df8f6e100224660b7747.jpg,1
f32f3a1fde3cd27cc2d211c4a69181ba.jpg,1
76986c64e6f44b3a40dd8a6eba9b9e8b.jpg,1
67fb562d59ea16512da540fe253e29cd.jpg,3
48e7dd4adb2fee0a82ab448e657331f5.jpg,2
e7a7e0103475e45523354f665f197550.jpg,2
7529e4d5867eb3652587d842e5f82f0e.jpg,4
c1f215412bd53dc805ec19999c70f30a.jpg,0
2d737d09fc5ab4a504a0e2361397b2ab.jpg,1
6f5ebe1e08fe02840fa0d47910bc2be5.jpg,4
77daa5880328550a5eefe92fbb6262aa.jpg,4
e3406a604094c420fc790f822a6e91c6.jpg,0
aff979a338814de6889366d447f959e4.jpg,0
389d456ef27c89e8254460aaa85f46bd.jpg,0
3ebe5c5f1494715cf888a325ace30ff9.jpg,5
bd996f08462b2e41b2bfff26a9d64683.jpg,1
1a78cc758607dd9cb8357c4cf459dcb7.jpg,1
59f56d13554f321bb72d662270c82f22.jpg,5
0a383ad0abd721826e4f3953189bc834.jpg,1
fe878da641fd44b94f26de85affd524e.jpg,4
1f2182227665c1897a3cbfc9d7e797ea.jpg,1
2becf62886bfd7ad1d5e0a25a7ca96b9.jpg,4
14eaff7bbab778fed6d1df84276507a8.jpg,0
4fabdb7b86e3cb073be9a0069593ae7f.jpg,0
e7d88f407a669f320b5801ae81c19e53.jpg,4
824363155b94a153bce9fabf828d7c95.jpg,4
3b3fcdb73cfaa4f20e99a7f2d2f60ddc.jpg,4
f449154ba71b3f76fcd5c406db5236d3.jpg,2
4d92b22e57a6743b2afc25293abbf1f5.jpg,1
8c37014ccaf43bb9b3957f1dc4cb220e.jpg,3
bfba580956e95e8c683af667e0ac0248.jpg,5
f987b0e86f7f53d0f4e11960ddc8fcb5.jpg,4
9cbac734737847a406d0c0553ffb1697.jpg,2
96e04b15985d8880a8b4c9b2ed0923f2.jpg,4
33e500136b11fffb1b5df5f2309e3308.jpg,3
d07eef4beec5e271b9a2861b748609de.jpg,3
d5b3b8ed49c4123ed199e8879ea21d53.jpg,2
2b82c2b44401fedc9f0634c000b34a4f.jpg,5
281fa17df29b586c03f3a865ec86c9ad.jpg,0
167f66aa4300c62a0b3f3d60099eca9f.jpg,1
6be6e64ea5deb8700de3e86b0827887b.jpg,5
93d22f9ff9e16a335a09db808415e418.jpg,4
0e6d2c721f259419ebd2d495d18b5672.jpg,2
ee51903ca35cfe4142f31364d5c07c95.jpg,0
98a4384ce05204db4baa61a8780bd24b.jpg,5
ec3f65a9b9958d975cc5f049a7828140.jpg,3
dd0902958f65c03e1f2b0308718d7979.jpg,1
530e75c448520209b2d6fe43f80d00ad.jpg,0
47fb682c1d0a7f39a86855aa15d2e9e9.jpg,0
b9a35e6590664f235b3f88de26c5ca66.jpg,1
739dd8ccabf25c3d1e582bc37ecb1111.jpg,2
b84e3b6f3cc66b7608471ff557120fe6.jpg,4
6c4fa63b7d010b75021e3bea5c6b8e62.jpg,4
09d572508a4bf0395b0f765681f55514.jpg,2
e00d10fdd3582592a6c564647892267a.jpg,1
4e817e36d466b79fd147d9bdb25b8d92.jpg,1
4f31f90121804cf39b319a3531889dbe.jpg,5
7d98e74f5378cb6cd46ed6138f8542c5.jpg,0
9fa440fd2af17fa3e2c040c71ebd8c14.jpg,1
bc1438897c53414edd0e50edaa220caf.jpg,0
83c0cead9ee24ea62581a0e480a0815b.jpg,4
437f42bca9ee2bf569e151e45687e830.jpg,4
6b55ce2067d99aeb13974b10e24e7225.jpg,1
1c6e3da70a5deab3534a1f17f586fbd7.jpg,3
72f325b486beb0a0b9c3c8876a2a464c.jpg,1
f7be9b3f192d4f3681014848458ec9f4.jpg,5
28d21b5acc85c4a60df380cdb0adf435.jpg,5
eaa9a9add5e720bcaae0afcb61df5e4f.jpg,1
b9176a7c2ea3a50ba2312a2180fe38f0.jpg,2
b1f8fa8fb119a6c904e9d1f527323875.jpg,1
0c2a48785e5fea526d1650b6499ae9ba.jpg,3
58b48ade02fc16848cf5b1e418a61dce.jpg,4
8ea4697fcc44d9f71c7f8c27d6991b1e.jpg,4
75a91c19fa9f2913428d2a081f821cca.jpg,1
3645d0baff8d627a64ec945b48315200.jpg,2
9d819c58d7cd86e47e0481364b3d673a.jpg,0
d45c54b7b097834df35e5a8d1e3568ca.jpg,0
8d3ab9ba7244ed7d571d94d924f622f7.jpg,5
bc0aa840497f1be4a3dea5470832db8c.jpg,4
b4c9db948fea943a654ecc1fa5b2105a.jpg,4
d8f8439cf5c1e1f227d3ee0a9cae289c.jpg,1
186c5b698a48af4a379f840703cbf800.jpg,0
793a9f9f0365d0f2d6d2fbe62b204664.jpg,2
69aedc564fd8b0fb6c673abbb9cc1785.jpg,0
1ce24ec125357256b3443dbf121eb202.jpg,4
d4c54cc7bff10682e164be65bab60142.jpg,1
43f3d0b5b0211606eabed9f1648eda56.jpg,3
797730f1c6ce8552a71dec0f9ac094c4.jpg,5
b1035e298b788018d55af542301d2659.jpg,3
4e3e5531f94837851a1391cf4ea74fdd.jpg,4
5b3c65000adf348b53cf10ff551902d0.jpg,4
79967ab8652644c3dccab8a9f42a4244.jpg,4
fd3d0764884f06a2473d21b20f9ba1d9.jpg,3
880b1124120c6c3c500f24fce9775447.jpg,0
c175ae54f740cd4c038206dc64093ca0.jpg,1
5d1fdcede7c4eaf9836e5bf8e66c2bc6.jpg,0
1684a6b47dd92daca9b0803d18f1285a.jpg,5
ddff5b886a77c4e1f288a552a6f00fe7.jpg,2
e126330aa902a706786f3dd98ddc0fd8.jpg,0
c0e439a0861da8b5f82f2cb600a63527.jpg,4
4cf5ca21848449c13c3c11e451ef6133.jpg,0
a65c254e03f509260b10187552fba836.jpg,1
bf09fe557dbbf29530491255a45955be.jpg,4
912c4151ab83df7faa073d820ef40587.jpg,1
8f4bf51dbf3c6a7c4866cd21fae02f20.jpg,4
cce6a671533fd1dae276db014f97f768.jpg,0
5f6991e3c46a11a72780feb027300436.jpg,3
a3bcb0ec6df72e797374afb6d2d5f661.jpg,4
536b509517c0d4012401c628f737a4c1.jpg,0
ec406c0267cd52f7b79018e110838591.jpg,2
ca4f3f2640d307766fa7764399e749c5.jpg,2
e7ebed2d05087fc3240677a5e2a97bca.jpg,4
2042ee8e5faa07ff3d9b5efa47a19833.jpg,1
7d890dbf0cf58e88a5e1fb423b084e53.jpg,4
834f7d4bf6e963f8e76d7e1f5a112b74.jpg,0
f1b17eb592c7006931af09462269048d.jpg,2
82b4216a17de05290508fa0286873106.jpg,2
ee6c308aa78796357a9e08cf3577ed6e.jpg,2
7e02e8279fd9d68185ea79d336ddb8ff.jpg,1
62705a4ff869013ee7682fa0b49d6789.jpg,3
998b78bd5c5eddaf50d1bc8654ed40ce.jpg,2
b7d30f7d2b296bdfb8f1b4b5bf9371bc.jpg,4
4146ea3a3ad45aac650b9e96fddedf64.jpg,1
b5ed0c7724b95dcecf49b9c5386b6321.jpg,5
c0a75a09a1f31f54d3aaa1c37477cb0b.jpg,3
c4f91775d5a4bd163445d6e3cb1862ca.jpg,3
5f1db6d62f2133288c327306409a1a8e.jpg,0
d74e5c78a300667644f55f134babfff9.jpg,4
8115da93f24f193b6f4a5a43bd4db541.jpg,4
540c9a08d038b35b7ce647175ea4cb3f.jpg,0
3ff7da737bad70799acccee086d501e2.jpg,5
68a18be249c088c870cf4341305bd002.jpg,0
148b9602a3112be844c110fe658729fc.jpg,4
2037be2c0723ed704e9b64adc74deeae.jpg,0
7121e3129e2b1a525fb9a2e4eff77858.jpg,4
611ef954449c27d3b1e5c6ee82fc4f31.jpg,3
13a4239914dfd728776080a798b57465.jpg,2
68ac45377f6aecd53832be661cba7164.jpg,3
2220b2ba1e0b1242f3e357765284fce8.jpg,0
3d6e00b6989938d40ff7ce4dbe6e8dac.jpg,3
6814d38f5e532bc443d7c0f381014252.jpg,4
c4f402ef4bb3b27671f0c9f7a1c42e8a.jpg,2
130f130192a222e3d169735c2b4de9ec.jpg,0
af24324f32bd769ce381ae44151c9266.jpg,5
ea54fef66b8cf52029f9a8c53529b5fa.jpg,2
8af48cc250c11a86509f553b579bb341.jpg,4
89dcd639195d835fb0623210d4fb3505.jpg,1
c94448f2736aeada8e510c86b2e33910.jpg,1
3c4d91b0e93224cab6e562cdf3ee5c00.jpg,2
48ae70e1e73f12664adaa217942cf33b.jpg,3
acccaa864cbc9fc2fefe90324da6d7d4.jpg,2
9cf11aa33012f3cf614594a482d12a9f.jpg,4
63cb747ae23165384ebdf064747002d9.jpg,0
416582aab51f0ea9d2c8f88519287655.jpg,0
ea979d4513243d12f5bc39b75aef92ea.jpg,2
ee4172927e5648ada5ba5573cb282a73.jpg,1
34abd0923fea2abbe1aace3f2598e79e.jpg,0
86fd8a363c4794d947dcfc19f99e2ef6.jpg,0
d715886f9764262f6054094aab98ee3e.jpg,4
88dbb263e1a118413634fa6b964306ec.jpg,0
7a510efc01e444778a56b2f64f4ab2ab.jpg,4
53e89ed6438f5e3004522ee1997f9117.jpg,0
90da7479ec69cfbb807957e3607dfaa8.jpg,1
e521d401c90dff6f9e4faa7b32e58594.jpg,1
e47d14916889198b33ea419af5edf6b0.jpg,1
24d8068cad8232222461b36f80a1f519.jpg,2
5bf0f31abbe02bdbc44401438c0a5109.jpg,0
1181a826d8eed8afd9776dcd2ecfc95c.jpg,1
5cfab0696a21bc7c547f89318c7d26e5.jpg,0
bfc6dba59e0ed8185801c4ffebc935de.jpg,0
8cea67f0ef324e8591eb88b8495e9c08.jpg,0
3b648f079b4b71cbe116b5bd387e3a9b.jpg,3
d6e6a9b04007ea2682dc41c3cc5f003f.jpg,4
cb762f904fece85207d86aeb2a960e29.jpg,5
96978b03e95b4b30447a5804b518988d.jpg,0
b01411ed0d822e7c97baffe54885682e.jpg,2
4e20b21c09788f3009499036775026ea.jpg,4
0af271d5f86bfbd6c7421e7aa77b85c4.jpg,4
353ee29dd6542487864927cd1dbc5daf.jpg,4
e883df0685ab0fdf6c4a5e135801b0c6.jpg,1
1ad9ea161fee8b3046ea00ead59d8026.jpg,0
e12afca24971af5d62292bd8b4160946.jpg,5
72011454e0641b9889636634a6ecbdb0.jpg,5
2ae995c4411459414992ccd0c485ba3d.jpg,2
e0258af4f2ff80a718a6cd08e8eb6708.jpg,4
7e2d934621e1da180e76b5f7666ec45e.jpg,1
95fa7e09e78fd2b1327dc10abb466fc9.jpg,2
56130ef2b80ed261e4ff606db115ec49.jpg,0
2e9b37433bb3e22c769cd9e72249672e.jpg,0
f97e056ca65055b1fcc050c79752ca79.jpg,0
16eea546b3c471855907212afe449aa6.jpg,1
8dbf057daa1ca5ec138fd654f54e6d4b.jpg,4
9b9951f6331497d650cedb724884a7fd.jpg,1
7630e6e019960a6da6cb0a08208c158a.jpg,4
3af0c7745d370360c283f0ae6e70bb82.jpg,0
f1f446902a80c7a0aaf15438c7d86485.jpg,2
3772caac3560b848eeb2fd25bc38c510.jpg,1
76c8300d7f15bbfa12faf85b2c00c364.jpg,1
3654971092940f24f927961831ae7e38.jpg,1
7887395bd35ab8007d7ee983f80b1cbb.jpg,0
cbc9d5a09ec75f68435ff7b04c90921f.jpg,2
994320d0965ce482b10cd5a6ce1728d8.jpg,4
93e7382cdaf56a1ce95495dd238acb98.jpg,0
21cfa86a140f4995489dfec478d1c17b.jpg,4
44560ba9bef91410018dd32912fbd0e2.jpg,0
bfeab60789d5e66f3f7a9efcc9dede6f.jpg,1
782430acc1e47a59bf59a56afa5e6aa1.jpg,0
8f95f54846734e5200e9a1f1fdbe402e.jpg,3
381d9c05514ad2d68ab5d734d501fa30.jpg,4
7963e850cca7f051a82c572018cbc38a.jpg,1
9fa3d5022033cfbd603e0239ca224edc.jpg,4
4c3b2511ac121932789879ac80d483b0.jpg,5
edd840bc3da93975da644996fe2ac8a1.jpg,4
b9e91ff74775c17c29f0b7aa2933d3af.jpg,0
a5c5ffaf278bc34f165f509e50d58553.jpg,4
1762b01b0bad4011e82f34bdcfbf4cb9.jpg,5
aabe06881f8bb717918c7e4a93faa50e.jpg,4
654cf190878707490aba1c0e6d48543b.jpg,5
6205e2e44590026c21ebb10225c29105.jpg,4
a573dc15e61c95c3aafda177f7600a9c.jpg,1
011102b8a0c9a9ce051e2e9b731184e2.jpg,4
3c36d138f1510a2f55245c6aebe8eb8b.jpg,5
b836e020f0e552ea21e30bb731efc6f2.jpg,0
779a111d4095385ec2d1995b347133d3.jpg,5
6389555ea70dd50d73162239f019d00e.jpg,3
e97bb8770efb16dbc81592e1b5e7c264.jpg,2
942f951157e018f76d4b24145cb22f71.jpg,5
883753c1e543b47d249f0c89c4874b28.jpg,4
de2b5575de81efcb7e95e608e8481269.jpg,4
78b598bbe21df03eae9594ea3042b698.jpg,2
0d18ec4925a7d4429f26379aa9b1a7ad.jpg,1
751f09532cac8761b893fb415c331cbc.jpg,4
23a7101118233b61c4120ae3785dda29.jpg,4
cbe0fcef157c8cf9e55803c304ced452.jpg,0
efdff5a498bb269e8de82a117ed637b1.jpg,1
db06ea4989eca653add3a0490cca7599.jpg,5
d5495e2d3e30b1fb3f33d1d054f825ff.jpg,0
72fc3bb5beb08c04920301dcc11aac3f.jpg,4
5497bc14e002a4bf8991a4cef2bc428c.jpg,1
23bd4f9c8493c51769c85c04dd4e1778.jpg,0
e06d90cad05d766694ec0aefaeb08393.jpg,3
9a4e5763dffae108371e3fb60c3063a9.jpg,4
9eb24b28e4b4d182c44727cb932689d0.jpg,2
7e81ee7a652c2f24c357112269a501f2.jpg,4
ba81fe8dae88016c4f93e7382d3b57ca.jpg,4
9bb8f786db63d0222e8bc2484d6b969b.jpg,1
3feec08cf46ddeff1afdfa37bea9320d.jpg,4
8a940e1fa185a6c57fc23b70bb7198d2.jpg,0
da53018a7d9ff9dd6f0e4681ff9a72ec.jpg,1
ee9565d8a0702c019c4a6f5b92fd631e.jpg,5
048a3f3f2e02de11d1300da68f86d76a.jpg,0
53bc517c806d0affa04fa15d846740c6.jpg,4
fb7c92bdc01c227426e216e796412a88.jpg,0
97859625f51068def15c11030e497885.jpg,5
daae0c1e95eb230bb25f55005ebd7c09.jpg,0
6cadfd322b18ee0c76303f44a6eb1f0a.jpg,0
4aa581296b22f2ba07e698d4c658a5ea.jpg,5
499c7a8f5e96739b5cbce1ed88dbb07d.jpg,0
85b505f4e058ae9dfbe6991c18f23dbb.jpg,0
f1113ac3b357ce4174d35e0bd536eba9.jpg,0
d1e641932e17da97bf2459e581415c5c.jpg,4
ed3b5a9bef6cb318f9c1aa2433a2da42.jpg,1
ce8c320b622197b9511408474eb714d9.jpg,0
7234dc6ca59bb6b0a7e66e0469e0f983.jpg,3
a54005191514a280d088db376a222793.jpg,4
b478037fbd753a25fe3d8493900d5fc8.jpg,1
8e24e7c8123c7866fbb89dd4317ab8a2.jpg,1
33d191d2d013b249ec7ad916c8770961.jpg,1
777773cdeb080722378a638f4379ac0e.jpg,1
363fdc6397810b6041ea11275c002731.jpg,1
7afc7cfb4006ee6817861acdbc277988.jpg,4
36a168f48b349cf84eef1735c738a8a3.jpg,5
193cc4d38a8a31d39c7dc7ac52034992.jpg,1
68fc03ae3632e67f3df80da54c3b815b.jpg,2
5e5dae5ee4b217766650227ef29df561.jpg,2
54d2d1fa11b3a8b103b5f86717de428a.jpg,5
8378dc79fd351a7336b0aac4848c858a.jpg,0
2ae9fc613bf156892143e3f5a93740bc.jpg,1
645348e5f9a3831225a30e58d31186bd.jpg,0
f5c44c235be3a22f8a150fe6b8002cd8.jpg,0
7cee92f9115704aa5f12494d1f58dcef.jpg,5
0fd408dee4c6b883596a847ad2fc4bb0.jpg,4
48c684a8e174cef693ad8ca07e56297f.jpg,4
1896d3a81edc623bbcb73258cc021600.jpg,0
20f85b269369dddb7d086821e235d86d.jpg,2
2724b0defce8902e963bc34a0cb9abed.jpg,4
b4be05374b7fb6f16fe826e927ae443a.jpg,4
846b927abef4d0e697504a3ea33ac326.jpg,4
1b77b9126d5b59ba12a35e54dde3bc29.jpg,1
df4ed31e0aa9f7e138d2442685f26559.jpg,1
6ec557125ff4c274b2d77d2d894d77e3.jpg,2
fe8abe560037ab71e9e69528a8c18044.jpg,0
f053877219df5d9755020eff633a7bcd.jpg,0
a0a6f39dee3a27d6a91ef567d2805a19.jpg,4
41ceffb243e1d89e5bfa176505adb9b0.jpg,4
81e22077bd7134e77f8ba530a2747c5d.jpg,4
ca4f96e62a32d87612b823f9ced49b0e.jpg,0
697bafb2761499499107d7d70f098c89.jpg,2
795db62d74a5a0525f3f469197dc2b7a.jpg,1
9d16ecf36616852608be1206637e0567.jpg,1
817b1e1dc25596f313a752c424a94bb4.jpg,1
c913ffe721d86aa3cfcd1c49f6a8e9d8.jpg,2
000791c55cf4bd2c647e70bf121fec6b.jpg,4
07522b3f71d11ea7a3d6b0db3bc7e9f1.jpg,1
45cee1f31f6a8b5bea942e092172dcc4.jpg,5
7fcf1e2b3fa25ecd90712978a959621e.jpg,0
9ecb2e8cc4848395e5339cdba0f63a6d.jpg,5
8dd2a8dcaeddab7730ba046cbfdf93fe.jpg,3
4281ccdca5cec998cd2790ba63d2fc32.jpg,0
4f8a5bf4594a312627dfc98b33ca4be9.jpg,1
eaae01c1ca1c0f0a61c16e0e7268ed84.jpg,5
607ae82fd7964de91e697e229b90d59c.jpg,0
8b5a4faf85537e4c0128caa3cb165d4c.jpg,1
c9a5db1aa36314e231887c12d75afb2a.jpg,3
876d76a81b667e1341c0a6f53e8a6c6a.jpg,4
4bfd06bf0a869cc3aa487e5bc80f2298.jpg,5
1f560d34c1b100443ba70560fbdf7e58.jpg,4
023a60f34b63d7be18f282981028115e.jpg,4
f059f4cdac91f3b86b648c3876c8f5cd.jpg,0
9320a2ec324ef170ab0176c639a3f410.jpg,0
8176ab81b7e4a49641624ef934f518cb.jpg,5
f56ff05f70605c1dacea5625909b9578.jpg,3
baa6b9080a2109c643e511f9d6448235.jpg,2
26c513a232ba4ff3cd3880f543c37da3.jpg,5
64cc6ac1359d8844931571a717825518.jpg,0
dcb2ae3bcac18a6550df0e76c32077e8.jpg,5
56270acba96ce9d31b2593438291702d.jpg,0
4d3a53dac6593e982180979a17dc7db7.jpg,5
c499cf54f8ba359b04ff2903276d8549.jpg,1
5b65aa56da92d9eacef85dab0c3d8a7c.jpg,4
085d814f33a173f6e57cd19a8305e042.jpg,4
2b4d5eb67ef082fa71c1ed839fb525f8.jpg,5
ced456b1ae4a4ef8ee7bede6359bd31c.jpg,0
51d7c26656bdbd32a9917cc96fcf2503.jpg,0
8e28d75dd304f4c77a77f27a43ac3938.jpg,2
2d2ca79f0778371141b32a7f81c1659c.jpg,4
fdea304061b89510804b3ece65c827c0.jpg,1
8245bc09145bfa3d5a8e7b5f17f42ced.jpg,3
7e67b1dde9f17a26703100f4a0603c1a.jpg,1
593ca0798bb131cc8f6ed7fd56a36598.jpg,4
46a071924df2a17a744bdb7af3021836.jpg,2
843742e644df57971627cad02218f5df.jpg,5
24f97e42008fdf3204b38dedfcff0406.jpg,4
87dd3c93d41303ac23998c0913ff5430.jpg,2
add75b20dbd8cb37bfb2a3d6ad9f0826.jpg,3
6430447ac59d4315fcaca157c926d632.jpg,4
729cd6b44df02f7350e029d258a8c9c8.jpg,1
ff45021aa3c0c2ca1b69f50db6e5bf2f.jpg,1
0f2dcd2f22ae9a73d9414d1265dbb39b.jpg,1
5c17df8b5cf53e7db478243b9cac0adf.jpg,4
fcf69dfe75d078ebe59a000505b32c8f.jpg,2
2affd67fa8d2163aaa2c32d75986b86e.jpg,3
eff51a875c5c6bdbfa15689433c78ff5.jpg,1
3573159ee68ad6580086bde7623c6181.jpg,1
faa05613d44c4d4c297ee4bf1425793a.jpg,1
2ac191dfdf7af76b00ac15976aa3a91f.jpg,2
53976677b52b8d9c6106f9dde444ca05.jpg,0
136e664e0377ee67f3c92f62fb1ba336.jpg,2
5b6a4b7ade19141a43e46dd10919ef10.jpg,3
dc346b53e19828d61bd232bb3dc8f364.jpg,3
ff3e81c47d04e155773300b3d3fb2f68.jpg,5
f6e064a2706d99019cca93333d2823d9.jpg,4
0f51528eff4fd71459415eab93584dca.jpg,4
bed8832d7dd91f18be17c8b972a83c79.jpg,4
e31002869a12a939d230cecb8edb96bc.jpg,4
f4ffcf5457ea1a947b13a51a12819a74.jpg,1
6611456167d14dedc00d83e1176756e3.jpg,2
bc2ddd0039f2b640eddce6dc757fe07d.jpg,0
66158c315dc962fd422657b19b8bf74e.jpg,0
4e79ac1fba3c418bda9dc74e885ce889.jpg,4
b69d3897efac1a5005179a091bea0d4f.jpg,5
fc55fdf0cd5fb95b4a919ab0b2a98f09.jpg,0
5d0ddadb50c155d78a0e85c9f64d8b3f.jpg,5
b035577570769275ce9c2cf29e24f6db.jpg,3
31a498ae6fe6f463dd53575669f91d9f.jpg,0
a5a21e8f314bc8aedc17f1e1440ee416.jpg,4
f32c843f030996b097003cbc1d01184e.jpg,0
cd1434527b4f0b6a7e75d92aa1073939.jpg,4
b02810ef50209fe49c8692763b4621fd.jpg,5
75b78e7140a806dd824b9ffed1102969.jpg,4
ee649d6d1bd66b370b6b5fe2eb324f45.jpg,1
7947a82af82431cb6f72ac7e31839fc0.jpg,0
675ffece1dd9b922ac1d28fe5894164e.jpg,0
8fad319902abd9da02a1b9a860f997ea.jpg,3
0e69b524948e0cd98e3a6e7a67a622d5.jpg,4
e817f91fe23f06987ec7602b2b22449f.jpg,0
7c77ba191be31572126f45c1b2f4bca9.jpg,3
8cda845b22dcb074d4540fb671e0211e.jpg,2
01c7ab849e6982987d2e8e4d9edf5836.jpg,2
5a5d61277a27c96f62511025d3d81e1c.jpg,1
fd0d3020e8c08e6c01aa9203acdb9ea4.jpg,4
b3d5501c7580943890b34ab98eead212.jpg,5
b4a6c12afca3adec816f74b5d125349a.jpg,4
9f4cc1f8dd5f01fc7881b1dfa9a8c76d.jpg,0
5a7603e04e2965d7a3c2001068a95142.jpg,4
28d0f976b8b59ea4a00f85ebaf4ef9c2.jpg,1
ab207b34802efcc376f56050d2e57f94.jpg,5
54725b3ad6f3783d16ac2ba12bb5d559.jpg,4
c4a8311e326088f24e7000bebeb0a486.jpg,0
a0ed3407569f977ae2f0d45eb0b314cb.jpg,0
b1e30760ec749f71c03014109eaecf27.jpg,4
3a9070d303c7a16ac7f526c1e7eb6605.jpg,4
d02a9376957682c2413d87512a014351.jpg,0
a5b2a489cb0d7b86845586f663f20cc3.jpg,4
9a49aab48518769ca3396d7ff0e12237.jpg,2
9b479413716675d6071e6d0c6caaf7cd.jpg,0
415fcc077fbea5dc4c0111bffbe58cdb.jpg,2
021296436bbce86ecb7f80665348f746.jpg,4
0efcace3d7098a140ea09877685fbcdd.jpg,0
79426eaf5cb26617f91310d4fdf405ca.jpg,4
19dbb1d8eed9ee3c81f2d7419850bff7.jpg,0
3d5fa21802cfcc53b89168d2b7483b9d.jpg,5
253f236d77039dcd73848ef24439118e.jpg,5
21495ddecca1e5e032d975f812809959.jpg,1
4a6a982068779249b6cbb115bf5aaa51.jpg,4
836659dbe0cda9fe1b8d5f8ca151418a.jpg,0
53875295daca9f7d74efddbd981226ff.jpg,3
0890eef676a8009f2a1e1bd97091205b.jpg,4
8114fd608b6af1e6fefce6f048e2d720.jpg,0
276b813bccba24f80473d457990a68dd.jpg,0
815219306dc9ac304a9f33e8ed60ca87.jpg,1
68fcf55d8ad85897a20e3ad69a6e1796.jpg,2
b548922b3f92a02b30bc85a8289f97db.jpg,2
541bda3d52a242b66ba267f85c98517a.jpg,3
567ef2ccdf59f9a16d73f9222466b7bb.jpg,2
bafc9998859262e433248736f114fc53.jpg,0
d08ca539ad4cccac5dc4228141eb9801.jpg,0
992ba96f3532c625b326e6dc069df790.jpg,1
6c984f1143f543faa236803a9470afd0.jpg,1
f2e746b7c0bd5fc352f25bcd34ce1c1e.jpg,4
84affa6c34ac06b9b59ee4e9b79dac6c.jpg,3
f8557077863d658941f6f42174264528.jpg,2
9adacf247f0a69aab3e2dd6c6c7a0dfc.jpg,0
d56002d6bdd59160932051b36a6d1718.jpg,4
9f0abba031ed15e90c7531810e99c5a6.jpg,1
142bf816c67a31c293accbae5764075e.jpg,5
9f6546b53148636c4dfc40b38ade0121.jpg,5
eed1c5b7b2448ff47df50aca82569cf0.jpg,1
c854d57b8d5e005ece8f881ca53cc75b.jpg,0
5b9cea2191b716808bbece3ac855e6a4.jpg,5
c273170f9848df9666c8a0123b5cf350.jpg,0
87e5083acaf047c23c30b20a6c33a744.jpg,0
3061862b886beabadb3a93af080b5b1e.jpg,1
ea623a5381c86c9dcec992efa7022f2b.jpg,0
5fca1f53f7d9cb789763a6b13e143c69.jpg,1
ba2a5114b201b00ec0a134c6cfa5b122.jpg,0
280e146d2780e9a12ceae760e80aab9e.jpg,5
435c45689bcd2c55cec6de13943b09a7.jpg,4
c3a1eb025e7b95fb7f5443cf3ca0c807.jpg,1
b98fef794faefea8c1e7491a4577d437.jpg,5
9c798a7b9d71ef6cfddb2087c5162dfb.jpg,4
391c973953d987bc1fc2d78e655c6041.jpg,2
4c92962cd0310ba41aa409ca5a3b2903.jpg,2
7ddcc3bb68fa40f2148723fb4c088c8e.jpg,2
90cf64f712d0d5e36b914c121ac94e9e.jpg,0
6edafbcd54f8b53bb634237a114641df.jpg,1
30c45cf06a289a1e1d27235c0dbc0475.jpg,5
c3d9afd4bc72b93d44d2b6025aa0bbff.jpg,0
2dcee43f93951811134e141b20ad2aaa.jpg,4
6315bcba2d60825de895226ba76c1993.jpg,5
ea4baa2567aaad2b3b2886626a3127d9.jpg,5
53058b33cc87c030159d54edf4f83122.jpg,2
7109b82d94b821815ed1d05bc9288d90.jpg,2
22ca97512233621cb7a0b8ed8d553c1a.jpg,3
70d6f726eb121a4daa018d388787785e.jpg,2
42c40795c7936cb0862776510f6f1184.jpg,3
23448e9e05b0b67ac5e8d838b9218b2f.jpg,5
70bdc0112c2c4d4a428da59e4a6fad33.jpg,0
1c6da13547bd35e21f4c5496f8a0b0d8.jpg,3
69ee65ccd3257562eb96f517780c1683.jpg,1
de6f68c1597463b62482354cb51669fc.jpg,5
7561cb640e3722ce7cebee5477a3323a.jpg,1
098f33ec4437ae0c87eb52485b5070db.jpg,1
465b65ddcddc823f4bf9797f25595635.jpg,0
286f54535b697d8ed918ff8f3814cceb.jpg,2
4967e254cfe99b2b3d0e5f8d7fe70a8f.jpg,4
c5d84bba33985d0814afe0e72c98ec80.jpg,4
b54d50a3213327edd29820008148e4ee.jpg,1
803cf8012981bc04b7069b99c8caab7d.jpg,4
fc9df1272e2db6308f3711693b9e2333.jpg,4
2ad01217bfc601d4e61baa02337dc059.jpg,3
826dd9ae56d84870200f855847821011.jpg,0
756662ffa38e003d40fa00f10c535278.jpg,1
62626f0bc4f950527abc5c988924924c.jpg,1
1abdec5e6617953d58986580f62fc4db.jpg,0
cc3c399966c68c515bd96801efbeab76.jpg,1
f20fa8153dae2005a7082d25d5120722.jpg,4
4e6086e230726299328bae1ad75c7659.jpg,0
50dd3ecbe0167fbd960cb4bf069f6fcc.jpg,0
b4da0fae718c10a902ae5eaa51869af2.jpg,3
8e997a268a893a05d3e1a160b41372fc.jpg,0
20cada9ff1d9522c8eaa9d6f9c4cb4b9.jpg,4
84db201e754b5d906bd7253108317a89.jpg,3
a5c056b005bbf0de5179903c2710c525.jpg,5
8843a1e9eded93781d3f1efcd25f5558.jpg,1
061d4f869b7170c40137e8c65a7a242c.jpg,1
c3c864715c34b83ac4d74c68f6118bfe.jpg,3
5cd90ce4277ca827278ac5e293709d09.jpg,1
170f0abebfdc93380e1c972103aad5c2.jpg,3
3cb75d7569544a8be6850893dc939ed6.jpg,4
fa14b6703b1eda25b4a851c163a1efc2.jpg,5
e58ee6afa09efc6021e8b56a9bda6960.jpg,0
94c16216e9674ec1a254c73d56d2ebe1.jpg,2
14f01dc9d70c9790e71bc1ca7afbbf66.jpg,2
